kode_ref_pend,nama_pendidikan,formasi_id,ins_nm,jp_nama,formasi_nm,jabatan_nm,lokasi_nm,jumlah_formasi,disable,gaji_min,gaji_max,jumlah_ms
5210314,S-1 ADMINISTRASI PEMERINTAHAN DAERAH,04284421-b5d7-4675-aed9-04049bdabbc4,Pemerintah Kota Surakarta,CPNS,UMUM,ANALIS SUMBER DAYA MANUSIA APARATUR AHLI PERTAMA,Pemerintah Kota Surakarta | Dinas Penanaman Modal dan Pelayanan Terpadu Satu Pintu | Sekretariat Dinas Penanaman Modal dan Pelayanan Terpadu Satu Pintu,1,1,2785700,3572800,2
5210314,S-1 ADMINISTRASI PEMERINTAHAN DAERAH,094a26db-ef97-4699-a879-7eda89de4861,Pemerintah Kota Surakarta,CPNS,UMUM,ANALIS SUMBER DAYA MANUSIA APARATUR AHLI PERTAMA,Pemerintah Kota Surakarta | Dinas Koperasi Usaha Kecil dan Menengah dan Perindustrian | Sekretariat Dinas Koperasi Usaha Kecil dan Menengah dan Perindustrian,1,1,2785700,3572800,15
5210314,S-1 ADMINISTRASI PEMERINTAHAN DAERAH,1adc4a2e-ff29-49ca-9dc0-ed23dc4f7975,Pemerintah Kota Surakarta,CPNS,UMUM,ANALIS SUMBER DAYA MANUSIA APARATUR AHLI PERTAMA,Pemerintah Kota Surakarta | Dinas Ketahanan Pangan dan Pertanian | Sekretariat Dinas Ketahanan Pangan dan Pertanian,1,1,2785700,3572800,10
5210314,S-1 ADMINISTRASI PEMERINTAHAN DAERAH,223fc547-7b8d-496e-97be-a8b3eb60a724,Pemerintah Kota Surakarta,CPNS,UMUM,ANALIS SUMBER DAYA MANUSIA APARATUR AHLI PERTAMA,"Pemerintah Kota Surakarta | Dinas Perumahan, dan Kawasan Permukiman serta Pertanahan | Sekretariat Dinas Perumahan, dan Kawasan Permukiman serta Pertanahan",1,1,2785700,3572800,7
5210314,S-1 ADMINISTRASI PEMERINTAHAN DAERAH,251189e0-8e11-480e-88aa-5ba2c92b7c34,Pemerintah Kota Surakarta,CPNS,UMUM,ANALIS SUMBER DAYA MANUSIA APARATUR AHLI PERTAMA,Pemerintah Kota Surakarta | Badan Perencanaan Pembangunan Daerah | Sekretariat Badan Perencanaan Pembangunan Daerah,1,1,2785700,3572800,13
5210314,S-1 ADMINISTRASI PEMERINTAHAN DAERAH,374c9310-60ff-4b76-af40-251df8de0729,Pemerintah Kota Surakarta,CPNS,UMUM,ANALIS SUMBER DAYA MANUSIA APARATUR AHLI PERTAMA,Pemerintah Kota Surakarta | Dinas Kepemudaan dan Olahraga | Sekretariat Dinas Kepemudaan dan Olahraga,1,1,2785700,3572800,9
5210314,S-1 ADMINISTRASI PEMERINTAHAN DAERAH,3944b4d8-129b-4961-babf-e2d98b7ed8d1,Pemerintah Kota Surakarta,CPNS,UMUM,ANALIS SUMBER DAYA MANUSIA APARATUR AHLI PERTAMA,Pemerintah Kota Surakarta | Badan Kepegawaian dan Pengembangan Sumber Daya Manusia | Bidang Penilaian dan Evaluasi Kinerja Aparatur,1,1,2785700,3572800,7
5210314,S-1 ADMINISTRASI PEMERINTAHAN DAERAH,4949b134-b33b-4718-89bb-ffcd597342df,Pemerintah Kota Surakarta,CPNS,UMUM,ANALIS SUMBER DAYA MANUSIA APARATUR AHLI PERTAMA,"Pemerintah Kota Surakarta | Dinas Komunikasi, Informatika, Statistik dan Persandian | Sekretariat Dinas Komunikasi, Informatika, Statistik dan Persandian",1,1,2785700,3572800,5
5210314,S-1 ADMINISTRASI PEMERINTAHAN DAERAH,7331561f-bb04-4a8f-9f03-a009a108af91,Pemerintah Kota Surakarta,CPNS,UMUM,ANALIS SUMBER DAYA MANUSIA APARATUR AHLI PERTAMA,Pemerintah Kota Surakarta | Sekretariat Daerah | Asisten Administrasi Umum | Bagian Organisasi,2,1,2785700,3572800,93
5210314,S-1 ADMINISTRASI PEMERINTAHAN DAERAH,ba3ffe48-3e58-4ab5-8826-c6e97fbe4e41,Pemerintah Kota Surakarta,CPNS,UMUM,ANALIS SUMBER DAYA MANUSIA APARATUR AHLI PERTAMA,Pemerintah Kota Surakarta | Dinas Pendidikan | Bidang Pengembangan Pendidikan,1,1,2785700,3572800,119
5210315,S-1 ADMINISTRASI PUBLIK,094a26db-ef97-4699-a879-7eda89de4861,Pemerintah Kota Surakarta,CPNS,UMUM,ANALIS SUMBER DAYA MANUSIA APARATUR AHLI PERTAMA,Pemerintah Kota Surakarta | Dinas Koperasi Usaha Kecil dan Menengah dan Perindustrian | Sekretariat Dinas Koperasi Usaha Kecil dan Menengah dan Perindustrian,1,1,2785700,3572800,15
5210315,S-1 ADMINISTRASI PUBLIK,1adc4a2e-ff29-49ca-9dc0-ed23dc4f7975,Pemerintah Kota Surakarta,CPNS,UMUM,ANALIS SUMBER DAYA MANUSIA APARATUR AHLI PERTAMA,Pemerintah Kota Surakarta | Dinas Ketahanan Pangan dan Pertanian | Sekretariat Dinas Ketahanan Pangan dan Pertanian,1,1,2785700,3572800,10
5210315,S-1 ADMINISTRASI PUBLIK,223fc547-7b8d-496e-97be-a8b3eb60a724,Pemerintah Kota Surakarta,CPNS,UMUM,ANALIS SUMBER DAYA MANUSIA APARATUR AHLI PERTAMA,"Pemerintah Kota Surakarta | Dinas Perumahan, dan Kawasan Permukiman serta Pertanahan | Sekretariat Dinas Perumahan, dan Kawasan Permukiman serta Pertanahan",1,1,2785700,3572800,7
5210315,S-1 ADMINISTRASI PUBLIK,251189e0-8e11-480e-88aa-5ba2c92b7c34,Pemerintah Kota Surakarta,CPNS,UMUM,ANALIS SUMBER DAYA MANUSIA APARATUR AHLI PERTAMA,Pemerintah Kota Surakarta | Badan Perencanaan Pembangunan Daerah | Sekretariat Badan Perencanaan Pembangunan Daerah,1,1,2785700,3572800,13
5210315,S-1 ADMINISTRASI PUBLIK,374c9310-60ff-4b76-af40-251df8de0729,Pemerintah Kota Surakarta,CPNS,UMUM,ANALIS SUMBER DAYA MANUSIA APARATUR AHLI PERTAMA,Pemerintah Kota Surakarta | Dinas Kepemudaan dan Olahraga | Sekretariat Dinas Kepemudaan dan Olahraga,1,1,2785700,3572800,9
5210315,S-1 ADMINISTRASI PUBLIK,3944b4d8-129b-4961-babf-e2d98b7ed8d1,Pemerintah Kota Surakarta,CPNS,UMUM,ANALIS SUMBER DAYA MANUSIA APARATUR AHLI PERTAMA,Pemerintah Kota Surakarta | Badan Kepegawaian dan Pengembangan Sumber Daya Manusia | Bidang Penilaian dan Evaluasi Kinerja Aparatur,1,1,2785700,3572800,7
5210315,S-1 ADMINISTRASI PUBLIK,4949b134-b33b-4718-89bb-ffcd597342df,Pemerintah Kota Surakarta,CPNS,UMUM,ANALIS SUMBER DAYA MANUSIA APARATUR AHLI PERTAMA,"Pemerintah Kota Surakarta | Dinas Komunikasi, Informatika, Statistik dan Persandian | Sekretariat Dinas Komunikasi, Informatika, Statistik dan Persandian",1,1,2785700,3572800,5
5210315,S-1 ADMINISTRASI PUBLIK,7331561f-bb04-4a8f-9f03-a009a108af91,Pemerintah Kota Surakarta,CPNS,UMUM,ANALIS SUMBER DAYA MANUSIA APARATUR AHLI PERTAMA,Pemerintah Kota Surakarta | Sekretariat Daerah | Asisten Administrasi Umum | Bagian Organisasi,2,1,2785700,3572800,93
5210315,S-1 ADMINISTRASI PUBLIK,001c9f81-467a-4ea6-912b-1e6084cd25ac,Pemerintah Kota Surakarta,CPNS,UMUM,FASILITATOR PEMERINTAHAN,Pemerintah Kota Surakarta | Kecamatan Banjarsari | Kelurahan Banjarsari | Sekretariat Kelurahan Banjarsari,1,1,2785700,3572800,2
5210315,S-1 ADMINISTRASI PUBLIK,04fd9cab-5839-45ea-a9a6-1c1381602e32,Pemerintah Kota Surakarta,CPNS,UMUM,FASILITATOR PEMERINTAHAN,Pemerintah Kota Surakarta | Kecamatan Jebres | Kelurahan Sewu | Sekretariat Kelurahan Sewu,1,1,2785700,3572800,3
5210315,S-1 ADMINISTRASI PUBLIK,0d0f80db-05da-43e4-88b8-78cd40eb4b00,Pemerintah Kota Surakarta,CPNS,UMUM,FASILITATOR PEMERINTAHAN,Pemerintah Kota Surakarta | Kecamatan Jebres | Kelurahan Mojosongo | Sekretariat Kelurahan Mojosongo,1,1,2785700,3572800,2
5210315,S-1 ADMINISTRASI PUBLIK,14fba508-00d8-4082-be96-f5af5b29ee58,Pemerintah Kota Surakarta,CPNS,UMUM,FASILITATOR PEMERINTAHAN,Pemerintah Kota Surakarta | Kecamatan Banjarsari | Kelurahan Mangkubumen | Sekretariat Kelurahan Mangkubumen,1,1,2785700,3572800,2
5210315,S-1 ADMINISTRASI PUBLIK,1680180b-bb3a-4002-b57d-9bcb3928b081,Pemerintah Kota Surakarta,CPNS,UMUM,FASILITATOR PEMERINTAHAN,Pemerintah Kota Surakarta | Kecamatan Jebres | Kelurahan Sudiroprajan | Sekretariat Kelurahan Sudiroprajan,1,1,2785700,3572800,3
5210315,S-1 ADMINISTRASI PUBLIK,17d0270e-ddea-4d37-9335-647532e73df2,Pemerintah Kota Surakarta,CPNS,UMUM,FASILITATOR PEMERINTAHAN,Pemerintah Kota Surakarta | Kecamatan Banjarsari | Kelurahan Punggawan | Sekretariat Kelurahan Punggawan,1,1,2785700,3572800,3
5210315,S-1 ADMINISTRASI PUBLIK,22c8231d-804e-4a68-8d5a-6e15f846a2dd,Pemerintah Kota Surakarta,CPNS,UMUM,FASILITATOR PEMERINTAHAN,Pemerintah Kota Surakarta | Kecamatan Serengan | Kelurahan Kemlayan | Sekretariat Kelurahan Kemlayan,1,1,2785700,3572800,3
5210315,S-1 ADMINISTRASI PUBLIK,249a009a-5a92-47b8-b925-36ef36f41c61,Pemerintah Kota Surakarta,CPNS,UMUM,FASILITATOR PEMERINTAHAN,Pemerintah Kota Surakarta | Kecamatan Jebres | Kelurahan Jagalan | Sekretariat Kelurahan Jagalan,1,1,2785700,3572800,3
5210315,S-1 ADMINISTRASI PUBLIK,2cceef12-b9e4-460e-928f-093626dc579b,Pemerintah Kota Surakarta,CPNS,UMUM,FASILITATOR PEMERINTAHAN,Pemerintah Kota Surakarta | Kecamatan Banjarsari | Kelurahan Banyuanyar | Sekretariat Kelurahan Banyuanyar,1,1,2785700,3572800,4
5210315,S-1 ADMINISTRASI PUBLIK,2d2de932-cba9-458d-ac51-b40a3edd583c,Pemerintah Kota Surakarta,CPNS,UMUM,FASILITATOR PEMERINTAHAN,Pemerintah Kota Surakarta | Kecamatan Pasarkliwon | Kelurahan Mojo | Sekretariat Kelurahan Mojo,1,1,2785700,3572800,2
5210315,S-1 ADMINISTRASI PUBLIK,399cb7a1-159c-4395-95de-07849bdf9b7b,Pemerintah Kota Surakarta,CPNS,UMUM,FASILITATOR PEMERINTAHAN,Pemerintah Kota Surakarta | Kecamatan Laweyan | Kelurahan Karangasem | Sekretariat Kelurahan Karangasem,1,1,2785700,3572800,2
5210315,S-1 ADMINISTRASI PUBLIK,4a4ac4d8-be3f-454d-bb34-ba2e22365df1,Pemerintah Kota Surakarta,CPNS,UMUM,FASILITATOR PEMERINTAHAN,Pemerintah Kota Surakarta | Kecamatan Banjarsari | Kelurahan Gilingan | Sekretariat Kelurahan Gilingan,1,1,2785700,3572800,1
5210315,S-1 ADMINISTRASI PUBLIK,4ee66cf7-5df9-4f5b-839e-0e00d54a3d4f,Pemerintah Kota Surakarta,CPNS,UMUM,FASILITATOR PEMERINTAHAN,Pemerintah Kota Surakarta | Kecamatan Banjarsari | Kelurahan Manahan | Sekretariat Kelurahan Manahan,1,1,2785700,3572800,3
5210315,S-1 ADMINISTRASI PUBLIK,4f9273e3-9b61-4c7e-95f6-1ff15f098fba,Pemerintah Kota Surakarta,CPNS,UMUM,FASILITATOR PEMERINTAHAN,Pemerintah Kota Surakarta | Kecamatan Serengan | Kelurahan Kratonan | Sekretariat Kelurahan Kratonan,1,1,2785700,3572800,1
5210315,S-1 ADMINISTRASI PUBLIK,52ea94ac-63b2-4b06-bbdd-6d4a2c2a1b83,Pemerintah Kota Surakarta,CPNS,UMUM,FASILITATOR PEMERINTAHAN,Pemerintah Kota Surakarta | Kecamatan Jebres | Kelurahan Kepatihan Kulon | Sekretariat Kelurahan Kepatihan Kulon,1,1,2785700,3572800,3
5210315,S-1 ADMINISTRASI PUBLIK,5502c69f-e137-4258-aa41-e089fb8ad718,Pemerintah Kota Surakarta,CPNS,UMUM,FASILITATOR PEMERINTAHAN,Pemerintah Kota Surakarta | Kecamatan Pasarkliwon | Kelurahan Kampung Baru | Sekretariat Kelurahan Kampung Baru,1,1,2785700,3572800,2
5210315,S-1 ADMINISTRASI PUBLIK,607f8221-dcd4-4aef-84c1-2c65f7662ab5,Pemerintah Kota Surakarta,CPNS,UMUM,FASILITATOR PEMERINTAHAN,Pemerintah Kota Surakarta | Kecamatan Serengan | Kelurahan Jayengan | Sekretariat Kelurahan Jayengan,1,1,2785700,3572800,2
5210315,S-1 ADMINISTRASI PUBLIK,623d95a3-0fbe-449f-b205-2145495ccc55,Pemerintah Kota Surakarta,CPNS,UMUM,FASILITATOR PEMERINTAHAN,Pemerintah Kota Surakarta | Kecamatan Banjarsari | Kelurahan Timuran | Sekretariat Kelurahan Timuran,1,1,2785700,3572800,4
5210315,S-1 ADMINISTRASI PUBLIK,648fd780-0d26-4045-a7da-129fb5036c9c,Pemerintah Kota Surakarta,CPNS,UMUM,FASILITATOR PEMERINTAHAN,Pemerintah Kota Surakarta | Kecamatan Jebres | Kelurahan Tegalharjo | Sekretariat Kelurahan Tegalharjo,1,1,2785700,3572800,3
5210315,S-1 ADMINISTRASI PUBLIK,6a8f42b8-9025-434b-bf5c-4aa4b9b0bbd6,Pemerintah Kota Surakarta,CPNS,UMUM,FASILITATOR PEMERINTAHAN,Pemerintah Kota Surakarta | Kecamatan Serengan | Kelurahan Danukusuman | Sekretariat Kelurahan Danukusuman,1,1,2785700,3572800,2
5210315,S-1 ADMINISTRASI PUBLIK,6b585cef-ea49-415c-a6b6-3fea3a73d133,Pemerintah Kota Surakarta,CPNS,UMUM,FASILITATOR PEMERINTAHAN,Pemerintah Kota Surakarta | Kecamatan Banjarsari | Kelurahan Nusukan | Sekretariat Kelurahan Nusukan,1,1,2785700,3572800,1
5210315,S-1 ADMINISTRASI PUBLIK,6e7fcf6a-f000-404f-8c35-199e5b1d0baa,Pemerintah Kota Surakarta,CPNS,UMUM,FASILITATOR PEMERINTAHAN,Pemerintah Kota Surakarta | Kecamatan Banjarsari | Kelurahan Joglo | Sekretariat Kelurahan Joglo,1,1,2785700,3572800,5
5210315,S-1 ADMINISTRASI PUBLIK,6eaee542-b30e-49c6-aade-1a46f8857d86,Pemerintah Kota Surakarta,CPNS,UMUM,FASILITATOR PEMERINTAHAN,Pemerintah Kota Surakarta | Kecamatan Serengan | Kelurahan Joyotakan | Sekretariat Kelurahan Joyotakan,1,1,2785700,3572800,4
5210315,S-1 ADMINISTRASI PUBLIK,7a85707f-d318-4a78-aaf1-aa87c128d10d,Pemerintah Kota Surakarta,CPNS,UMUM,FASILITATOR PEMERINTAHAN,Pemerintah Kota Surakarta | Kecamatan Laweyan | Kelurahan Purwosari | Sekretariat Kelurahan Purwosari,1,1,2785700,3572800,2
5210315,S-1 ADMINISTRASI PUBLIK,7e900ec1-a84f-44f7-899c-53361053ca4d,Pemerintah Kota Surakarta,CPNS,UMUM,FASILITATOR PEMERINTAHAN,Pemerintah Kota Surakarta | Kecamatan Laweyan | Kelurahan Laweyan | Sekretariat Kelurahan Laweyan,1,1,2785700,3572800,3
5210315,S-1 ADMINISTRASI PUBLIK,84947fc7-17d3-42ff-bbdc-728dac260baa,Pemerintah Kota Surakarta,CPNS,UMUM,FASILITATOR PEMERINTAHAN,Pemerintah Kota Surakarta | Kecamatan Serengan | Kelurahan Serengan | Sekretariat Kelurahan Serengan,1,1,2785700,3572800,1
5210315,S-1 ADMINISTRASI PUBLIK,8844bfc4-ef8e-4b86-a914-543f67bef177,Pemerintah Kota Surakarta,CPNS,UMUM,FASILITATOR PEMERINTAHAN,Pemerintah Kota Surakarta | Kecamatan Jebres | Kelurahan Purwodiningratan | Sekretariat Kelurahan Purwodiningratan,1,1,2785700,3572800,2
5210315,S-1 ADMINISTRASI PUBLIK,8cf7a7a6-bdc5-4f32-86f8-92f655381803,Pemerintah Kota Surakarta,CPNS,UMUM,FASILITATOR PEMERINTAHAN,Pemerintah Kota Surakarta | Kecamatan Pasarkliwon | Kelurahan Semanggi | Sekretariat Kelurahan Semanggi,1,1,2785700,3572800,1
5210315,S-1 ADMINISTRASI PUBLIK,8d06ea25-b0a1-46ac-9294-8b8b4c84debb,Pemerintah Kota Surakarta,CPNS,UMUM,FASILITATOR PEMERINTAHAN,Pemerintah Kota Surakarta | Kecamatan Banjarsari | Kelurahan Kadipiro | Sekretariat Kelurahan Kadipiro,1,1,2785700,3572800,1
5210315,S-1 ADMINISTRASI PUBLIK,940d7e3a-76ad-4670-b68b-0e38ea6dd8ea,Pemerintah Kota Surakarta,CPNS,UMUM,FASILITATOR PEMERINTAHAN,Pemerintah Kota Surakarta | Kecamatan Serengan | Kelurahan Tipes | Sekretariat Kelurahan Tipes,1,1,2785700,3572800,5
5210315,S-1 ADMINISTRASI PUBLIK,9424eea9-6b64-46b2-bbed-f4c7410cbfb8,Pemerintah Kota Surakarta,CPNS,UMUM,FASILITATOR PEMERINTAHAN,Pemerintah Kota Surakarta | Kecamatan Pasarkliwon | Kelurahan Joyosuran | Sekretariat Kelurahan Joyosuran,1,1,2785700,3572800,1
5210315,S-1 ADMINISTRASI PUBLIK,94a02d5f-4e61-45a4-8059-da17b0e1393a,Pemerintah Kota Surakarta,CPNS,UMUM,FASILITATOR PEMERINTAHAN,Pemerintah Kota Surakarta | Kecamatan Pasarkliwon | Kelurahan Sangkrah | Sekretariat Kelurahan Sangkrah,1,1,2785700,3572800,1
5210315,S-1 ADMINISTRASI PUBLIK,985ae2f0-343b-435a-9ab4-35cd7a8960dc,Pemerintah Kota Surakarta,CPNS,UMUM,FASILITATOR PEMERINTAHAN,Pemerintah Kota Surakarta | Kecamatan Laweyan | Kelurahan Panularan | Sekretariat Kelurahan Panularan,1,1,2785700,3572800,2
5210315,S-1 ADMINISTRASI PUBLIK,a5ab0117-1ec5-42b8-83ba-f7148bb51a07,Pemerintah Kota Surakarta,CPNS,UMUM,FASILITATOR PEMERINTAHAN,Pemerintah Kota Surakarta | Kecamatan Pasarkliwon | Kelurahan Pasarkliwon | Sekretariat Kelurahan Pasar Kliwon,1,1,2785700,3572800,2
5210315,S-1 ADMINISTRASI PUBLIK,a6b7187f-b30c-419d-b96d-e399fae9964c,Pemerintah Kota Surakarta,CPNS,UMUM,FASILITATOR PEMERINTAHAN,Pemerintah Kota Surakarta | Kecamatan Jebres | Kelurahan Pucangsawit | Sekretariat Kelurahan Pucangsawit,1,1,2785700,3572800,3
5210315,S-1 ADMINISTRASI PUBLIK,ab530784-042b-4fc7-82b6-a823daea6bf2,Pemerintah Kota Surakarta,CPNS,UMUM,FASILITATOR PEMERINTAHAN,Pemerintah Kota Surakarta | Kecamatan Jebres | Kelurahan Gandekan | Sekretariat Kelurahan Gandekan,1,1,2785700,3572800,1
5210315,S-1 ADMINISTRASI PUBLIK,ba6ca2ae-39bb-4bef-8479-3a4ea93a58db,Pemerintah Kota Surakarta,CPNS,UMUM,FASILITATOR PEMERINTAHAN,Pemerintah Kota Surakarta | Kecamatan Banjarsari | Kelurahan Ketelan | Sekretariat Kelurahan Ketelan,1,1,2785700,3572800,3
5210315,S-1 ADMINISTRASI PUBLIK,c0b09662-73ac-4826-a35e-718b058840ec,Pemerintah Kota Surakarta,CPNS,UMUM,FASILITATOR PEMERINTAHAN,Pemerintah Kota Surakarta | Kecamatan Jebres | Kelurahan Jebres | Sekretariat Kelurahan Jebres,1,1,2785700,3572800,1
5210315,S-1 ADMINISTRASI PUBLIK,c3f830bc-fdde-401f-b580-53e2c8fd34d8,Pemerintah Kota Surakarta,CPNS,UMUM,FASILITATOR PEMERINTAHAN,Pemerintah Kota Surakarta | Kecamatan Pasarkliwon | Kelurahan Gajahan | Sekretariat Kelurahan Gajahan,1,1,2785700,3572800,2
5210315,S-1 ADMINISTRASI PUBLIK,c6449bf9-89c5-4d49-bf27-a3e98cd1f1a6,Pemerintah Kota Surakarta,CPNS,UMUM,FASILITATOR PEMERINTAHAN,Pemerintah Kota Surakarta | Kecamatan Banjarsari | Kelurahan Sumber | Sekretariat Kelurahan Sumber,1,1,2785700,3572800,3
5210315,S-1 ADMINISTRASI PUBLIK,d0ba14b4-9e96-44c2-8539-c6077f7d7687,Pemerintah Kota Surakarta,CPNS,UMUM,FASILITATOR PEMERINTAHAN,Pemerintah Kota Surakarta | Kecamatan Jebres | Kelurahan Kepatihan Wetan | Sekretariat Kelurahan Kepatihan Wetan,1,1,2785700,3572800,3
5210315,S-1 ADMINISTRASI PUBLIK,d4ed3382-4cec-41e9-b302-6b302d6d2e7c,Pemerintah Kota Surakarta,CPNS,UMUM,FASILITATOR PEMERINTAHAN,Pemerintah Kota Surakarta | Kecamatan Laweyan | Kelurahan Jajar | Sekretariat Kelurahan Jajar,1,1,2785700,3572800,1
5210315,S-1 ADMINISTRASI PUBLIK,d53b469b-25ac-4bc5-a9d4-6fc61d7a3619,Pemerintah Kota Surakarta,CPNS,UMUM,FASILITATOR PEMERINTAHAN,Pemerintah Kota Surakarta | Kecamatan Banjarsari | Kelurahan Kestalan | Sekretariat Kelurahan Kestalan,1,1,2785700,3572800,1
5210315,S-1 ADMINISTRASI PUBLIK,d9cd7fb0-f860-4b1b-ac97-f750660184fb,Pemerintah Kota Surakarta,CPNS,UMUM,FASILITATOR PEMERINTAHAN,Pemerintah Kota Surakarta | Kecamatan Laweyan | Kelurahan Sriwedari | Sekretariat Kelurahan Sriwedari,1,1,2785700,3572800,2
5210315,S-1 ADMINISTRASI PUBLIK,e2133faa-0d63-454b-a225-c79c10b22975,Pemerintah Kota Surakarta,CPNS,UMUM,FASILITATOR PEMERINTAHAN,Pemerintah Kota Surakarta | Kecamatan Banjarsari | Kelurahan Keprabon | Sekretariat Kelurahan Keprabon,1,1,2785700,3572800,2
5210315,S-1 ADMINISTRASI PUBLIK,e6ff9cf9-1f13-4564-b9a1-db30861945b8,Pemerintah Kota Surakarta,CPNS,UMUM,FASILITATOR PEMERINTAHAN,Pemerintah Kota Surakarta | Kecamatan Pasarkliwon | Kelurahan Kauman | Sekretariat Kelurahan Kauman,1,1,2785700,3572800,1
5210315,S-1 ADMINISTRASI PUBLIK,ea86a4d2-3f6e-475d-8e6d-2490cefed23b,Pemerintah Kota Surakarta,CPNS,UMUM,FASILITATOR PEMERINTAHAN,Pemerintah Kota Surakarta | Kecamatan Laweyan | Kelurahan Pajang | Sekretariat Kelurahan Pajang,1,1,2785700,3572800,3
5210315,S-1 ADMINISTRASI PUBLIK,ec54a702-229b-42c1-a625-afc11a67630a,Pemerintah Kota Surakarta,CPNS,UMUM,FASILITATOR PEMERINTAHAN,Pemerintah Kota Surakarta | Kecamatan Laweyan | Kelurahan Bumi | Sekretariat Kelurahan Bumi,1,1,2785700,3572800,3
5210315,S-1 ADMINISTRASI PUBLIK,eeb2c850-a592-4790-b543-f67a8112e06a,Pemerintah Kota Surakarta,CPNS,UMUM,FASILITATOR PEMERINTAHAN,Pemerintah Kota Surakarta | Kecamatan Banjarsari | Kelurahan Setabelan | Sekretariat Kelurahan Setabelan,1,1,2785700,3572800,1
5210315,S-1 ADMINISTRASI PUBLIK,ef4a7e98-0f3b-4854-96e4-1fc6f0020c31,Pemerintah Kota Surakarta,CPNS,UMUM,FASILITATOR PEMERINTAHAN,Pemerintah Kota Surakarta | Kecamatan Laweyan | Kelurahan Kerten | Sekretariat Kelurahan Kerten,1,1,2785700,3572800,2
5210315,S-1 ADMINISTRASI PUBLIK,f8855d39-0adf-4563-880b-5632fcdcb618,Pemerintah Kota Surakarta,CPNS,UMUM,FASILITATOR PEMERINTAHAN,Pemerintah Kota Surakarta | Kecamatan Laweyan | Kelurahan Penumping | Sekretariat Kelurahan Penumping,1,1,2785700,3572800,5
5210315,S-1 ADMINISTRASI PUBLIK,fae77aca-f822-4400-92c9-d24351424adc,Pemerintah Kota Surakarta,CPNS,UMUM,FASILITATOR PEMERINTAHAN,Pemerintah Kota Surakarta | Kecamatan Laweyan | Kelurahan Sondakan | Sekretariat Kelurahan Sondakan,1,1,2785700,3572800,3
5210315,S-1 ADMINISTRASI PUBLIK,fd9630e5-f890-4512-a785-a17f7f064b7e,Pemerintah Kota Surakarta,CPNS,UMUM,FASILITATOR PEMERINTAHAN,Pemerintah Kota Surakarta | Kecamatan Pasarkliwon | Kelurahan Kedung Lumbu | Sekretariat Kelurahan Kedung Lumbu,1,1,2785700,3572800,1
5101201,S-1 AKUNTANSI,8a0384c7915b4c4c01915b9632932d12,Pemerintah Kota Surakarta,CPNS,PENYANDANG DISABILITAS,ANALIS KEUANGAN PUSAT DAN DAERAH AHLI PERTAMA,Pemerintah Kota Surakarta | Badan Pengelolaan Keuangan dan Aset Daerah | Bidang Anggaran,1,1,2785700,3572800,1
5101201,S-1 AKUNTANSI,0c01a92c-5a24-43b4-8258-fb7d4cdca1e6,Pemerintah Kota Surakarta,CPNS,UMUM,ANALIS KEUANGAN PUSAT DAN DAERAH AHLI PERTAMA,Pemerintah Kota Surakarta | Badan Pendapatan Daerah | Bidang Penagihan,1,1,2785700,3572800,35
5101201,S-1 AKUNTANSI,3897aaf4-9dd3-4b70-a205-02564d042fa8,Pemerintah Kota Surakarta,CPNS,UMUM,ANALIS KEUANGAN PUSAT DAN DAERAH AHLI PERTAMA,Pemerintah Kota Surakarta | Badan Pengelolaan Keuangan dan Aset Daerah | Bidang Anggaran,2,1,2785700,3572800,304
5101201,S-1 AKUNTANSI,84d348ad-df09-49b7-b32b-e600de4deb19,Pemerintah Kota Surakarta,CPNS,UMUM,ANALIS KEUANGAN PUSAT DAN DAERAH AHLI PERTAMA,Pemerintah Kota Surakarta | Badan Pengelolaan Keuangan dan Aset Daerah | Bidang Perbendaharaan dan Akuntansi,2,1,2785700,3572800,310
5101201,S-1 AKUNTANSI,ad701069-683e-4713-afcf-dd31356830ba,Pemerintah Kota Surakarta,CPNS,UMUM,ANALIS KEUANGAN PUSAT DAN DAERAH AHLI PERTAMA,Pemerintah Kota Surakarta | Badan Pendapatan Daerah | Bidang Penetapan,1,1,2785700,3572800,22
5101201,S-1 AKUNTANSI,baed6581-1204-4cfb-b806-4253b3ec90ef,Pemerintah Kota Surakarta,CPNS,UMUM,ANALIS KEUANGAN PUSAT DAN DAERAH AHLI PERTAMA,Pemerintah Kota Surakarta | Badan Pendapatan Daerah | Bidang Pendataan,1,1,2785700,3572800,100
5101201,S-1 AKUNTANSI,9fba24ba-3a29-4aa1-8a94-5fea811960b1,Pemerintah Kota Surakarta,CPNS,UMUM,ANALIS PEMBIAYAAN INFRASTRUKTUR PEKERJAAN UMUM DAN PERUMAHAN AHLI PERTAMA,Pemerintah Kota Surakarta | Dinas Pekerjaan Umum dan Penataan Ruang | Bidang Bina Marga,1,1,2785700,3572800,72
5101201,S-1 AKUNTANSI,8a0384c7915b4c4c01915b96a5412d80,Pemerintah Kota Surakarta,CPNS,PENYANDANG DISABILITAS,AUDITOR AHLI PERTAMA,Pemerintah Kota Surakarta | Inspektorat | Inspektorat Pembantu Khusus,1,1,2785700,3572800,2
5101201,S-1 AKUNTANSI,1bc1c874-8daf-4fe3-bdd8-c2245e837f9a,Pemerintah Kota Surakarta,CPNS,UMUM,AUDITOR AHLI PERTAMA,Pemerintah Kota Surakarta | Inspektorat | Inspektorat Pembantu Khusus,1,1,2785700,3572800,19
5101201,S-1 AKUNTANSI,1e36da6f-3cd7-478b-8056-93e4dde4cbb7,Pemerintah Kota Surakarta,CPNS,UMUM,AUDITOR AHLI PERTAMA,Pemerintah Kota Surakarta | Inspektorat | Inspektorat Pembantu III,1,1,2785700,3572800,58
5101201,S-1 AKUNTANSI,5b3a256e-2ae1-4ebc-aec5-086d7f156922,Pemerintah Kota Surakarta,CPNS,UMUM,AUDITOR AHLI PERTAMA,Pemerintah Kota Surakarta | Inspektorat | Inspektorat Pembantu IV,1,1,2785700,3572800,28
5101201,S-1 AKUNTANSI,9f93b532-6937-40e7-b395-fe8fa3cb363c,Pemerintah Kota Surakarta,CPNS,UMUM,AUDITOR AHLI PERTAMA,Pemerintah Kota Surakarta | Inspektorat | Inspektorat Pembantu II,1,1,2785700,3572800,36
5101201,S-1 AKUNTANSI,dc9710d5-1167-48d1-ab82-f7a1820f8f82,Pemerintah Kota Surakarta,CPNS,UMUM,AUDITOR AHLI PERTAMA,Pemerintah Kota Surakarta | Inspektorat | Inspektorat Pembantu I,1,1,2785700,3572800,35
5159000,S-1 BIOLOGI,214b8a0c-4924-44b7-8b3d-a3af5d287377,Pemerintah Kota Surakarta,CPNS,UMUM,PENGENDALI DAMPAK LINGKUNGAN AHLI PERTAMA,Pemerintah Kota Surakarta | Dinas Lingkungan Hidup | Bidang Pengelolaan Sampah dan Limbah B3,2,1,2785700,3572800,88
5159000,S-1 BIOLOGI,28e68571-9b8a-44f5-9f40-854fe696dcac,Pemerintah Kota Surakarta,CPNS,UMUM,PENGENDALI DAMPAK LINGKUNGAN AHLI PERTAMA,"Pemerintah Kota Surakarta | Dinas Lingkungan Hidup | Bidang Penataan, Pengendalian dan Pengelolaan Lingkungan",2,1,2785700,3572800,97
5159000,S-1 BIOLOGI,48491249-0a84-48ce-9fd5-eb8b712cd0c3,Pemerintah Kota Surakarta,CPNS,UMUM,PENGENDALI DAMPAK LINGKUNGAN AHLI PERTAMA,Pemerintah Kota Surakarta | Dinas Lingkungan Hidup | Bidang Tata Kelola Lingkungan,2,1,2785700,3572800,69
5159000,S-1 BIOLOGI,38f640bd-9bee-4a17-933a-33770da761e9,Pemerintah Kota Surakarta,CPNS,UMUM,PENYULUH LINGKUNGAN HIDUP AHLI PERTAMA,Pemerintah Kota Surakarta | Dinas Lingkungan Hidup | Bidang Pengelolaan Sampah dan Limbah B3,1,1,2785700,3572800,11
5159000,S-1 BIOLOGI,652f1c5a-9b3a-4288-bc1e-26c870658000,Pemerintah Kota Surakarta,CPNS,UMUM,PENYULUH LINGKUNGAN HIDUP AHLI PERTAMA,"Pemerintah Kota Surakarta | Dinas Lingkungan Hidup | Bidang Penataan, Pengendalian dan Pengelolaan Lingkungan",2,1,2785700,3572800,71
5119031,S-1 DESAIN KOMUNIKASI VISUAL,eb149c34-5d8a-43a0-bea6-b005fc08e638,Pemerintah Kota Surakarta,CPNS,UMUM,PENATA PENERBITAN ILMIAH AHLI PERTAMA,Pemerintah Kota Surakarta | Badan Riset dan Inovasi Daerah | Bidang Inovasi,1,1,2785700,3572800,30
5101300,S-1 EKONOMI MANAJEMEN,0dc6f8dc-8db8-4714-b4bb-7af02df5fc1b,Pemerintah Kota Surakarta,CPNS,UMUM,PERENCANA AHLI PERTAMA,Pemerintah Kota Surakarta | Badan Perencanaan Pembangunan Daerah | Bidang Perekonomian dan Sumber Daya Alam,2,1,2785700,3572800,380
5190061,S-1 EKONOMI PEMBANGUNAN,0dc6f8dc-8db8-4714-b4bb-7af02df5fc1b,Pemerintah Kota Surakarta,CPNS,UMUM,PERENCANA AHLI PERTAMA,Pemerintah Kota Surakarta | Badan Perencanaan Pembangunan Daerah | Bidang Perekonomian dan Sumber Daya Alam,2,1,2785700,3572800,380
5107280,S-1 FISIKA,318cff07-aa35-48b6-836d-989fa580cc8a,Pemerintah Kota Surakarta,CPNS,UMUM,PENERA AHLI PERTAMA,Pemerintah Kota Surakarta | Dinas Perdagangan | UPTD Metrologi Legal,2,1,2785700,3572800,251
5123000,S-1 HUKUM,ff4792f6-6e37-4464-9f2b-3596fc0aa262,Pemerintah Kota Surakarta,CPNS,UMUM,FASILITATOR PEMERINTAHAN,Pemerintah Kota Surakarta | Sekretariat Daerah | Asisten Administrasi Umum | Bagian Organisasi,1,1,2785700,3572800,30
5123000,S-1 HUKUM,538bbeb9-c7cf-4d79-8105-1adb75f3f321,Pemerintah Kota Surakarta,CPNS,UMUM,MEDIATOR HUBUNGAN INDUSTRIAL AHLI PERTAMA,Pemerintah Kota Surakarta | Dinas Tenaga Kerja | Bidang Hubungan Industrial,2,1,2785700,3572800,53
5123000,S-1 HUKUM,ab3636ca-ba2f-4522-87b8-32155b6b228c,Pemerintah Kota Surakarta,CPNS,UMUM,PENGAWAS KEMETROLOGIAN AHLI PERTAMA,Pemerintah Kota Surakarta | Dinas Perdagangan | UPTD Metrologi Legal,1,1,2785700,3572800,13
5123000,S-1 HUKUM,a4fafc5a-5f6d-426e-9464-3316282a285a,Pemerintah Kota Surakarta,CPNS,UMUM,PENGELOLA PENGADAAN BARANG/JASA AHLI PERTAMA,Pemerintah Kota Surakarta | Sekretariat Daerah | Asisten Perekonomian dan Pembangunan | Bagian Pengadaan Barang dan Jasa,3,1,2785700,3572800,146
5123000,S-1 HUKUM,731e2174-a258-41eb-b2ca-fff575eb535a,Pemerintah Kota Surakarta,CPNS,UMUM,PENYUSUN MATERI HUKUM DAN PERUNDANG-UNDANGAN,Pemerintah Kota Surakarta | Sekretariat Daerah | Asisten Pemerintahan dan Kesejahteraan Rakyat | Bagian Hukum,3,1,2785700,3572800,133
5123000,S-1 HUKUM,848dd789-f3ac-4f86-a016-484bf7ec6d7d,Pemerintah Kota Surakarta,CPNS,UMUM,PENYUSUN MATERI HUKUM DAN PERUNDANG-UNDANGAN,Pemerintah Kota Surakarta | Sekretariat Dewan Perwakilan Rakyat Daerah | Bagian Fasilitasi Penganggaran dan Pengawasan,1,1,2785700,3572800,8
5123000,S-1 HUKUM,e81f22f7-c623-4cc6-b412-815d800d40ee,Pemerintah Kota Surakarta,CPNS,UMUM,PENYUSUN MATERI HUKUM DAN PERUNDANG-UNDANGAN,Pemerintah Kota Surakarta | Sekretariat Daerah | Asisten Pemerintahan dan Kesejahteraan Rakyat | Bagian Hukum | Subbagian Dokumentasi dan Informasi Hukum,1,1,2785700,3572800,6
5123000,S-1 HUKUM,b6e69493-7802-4f1c-b3ea-0e8d05ce70d7,Pemerintah Kota Surakarta,CPNS,UMUM,PERANCANG PERATURAN PERUNDANG-UNDANGAN AHLI PERTAMA,Pemerintah Kota Surakarta | Sekretariat Dewan Perwakilan Rakyat Daerah | Bagian Persidangan dan Perundang-undangan,1,1,2785700,3572800,29
5123000,S-1 HUKUM,12398c96-165e-4853-ae3e-58a82affde16,Pemerintah Kota Surakarta,CPNS,UMUM,POLISI PAMONG PRAJA AHLI PERTAMA,Pemerintah Kota Surakarta | Satuan Polisi Pamong Praja | Bidang Penegakan Perundang-Undangan Daerah,2,1,2785700,3572800,15
5123000,S-1 HUKUM,232731a3-806d-4bf7-8a1f-737228e91a1f,Pemerintah Kota Surakarta,CPNS,UMUM,POLISI PAMONG PRAJA AHLI PERTAMA,Pemerintah Kota Surakarta | Satuan Polisi Pamong Praja | Bidang Pelindungan Masyarakat,2,1,2785700,3572800,28
5123000,S-1 HUKUM,d0a62391-0017-44c5-95b6-29272e53e224,Pemerintah Kota Surakarta,CPNS,UMUM,POLISI PAMONG PRAJA AHLI PERTAMA,Pemerintah Kota Surakarta | Satuan Polisi Pamong Praja | Bidang Penanganan Gangguan Ketenteraman dan Ketertiban Umum,2,1,2785700,3572800,25
5100259,S-1 ILMU INFORMATIKA,8a0384c7915b4c4c01915b9734d02ddb,Pemerintah Kota Surakarta,CPNS,PENYANDANG DISABILITAS,PRANATA KOMPUTER AHLI PERTAMA,"Pemerintah Kota Surakarta | Dinas Komunikasi, Informatika, Statistik dan Persandian | Bidang Teknologi dan Informatika",1,1,2785700,3572800,1
5100259,S-1 ILMU INFORMATIKA,17a504f2-a820-4477-8e4a-41f71db070f0,Pemerintah Kota Surakarta,CPNS,UMUM,PRANATA KOMPUTER AHLI PERTAMA,"Pemerintah Kota Surakarta | Dinas Komunikasi, Informatika, Statistik dan Persandian | Bidang Teknologi dan Informatika",1,1,2785700,3572800,8
5100259,S-1 ILMU INFORMATIKA,4d415505-5212-469d-8eb5-6959f3d3aa99,Pemerintah Kota Surakarta,CPNS,UMUM,PRANATA KOMPUTER AHLI PERTAMA,Pemerintah Kota Surakarta | Dinas Kependudukan dan Pencatatan Sipil | Bidang Pengelolaan Informasi Administrasi Kependudukan dan Pemanfaatan Data,1,1,2785700,3572800,29
5100259,S-1 ILMU INFORMATIKA,b8095a63-aa85-4ddd-aa9b-d98b77de8e9c,Pemerintah Kota Surakarta,CPNS,UMUM,PRANATA KOMPUTER AHLI PERTAMA,"Pemerintah Kota Surakarta | Dinas Komunikasi, Informatika, Statistik dan Persandian | Bidang Penyelenggaraan E-Government",1,1,2785700,3572800,9
5150001,S-1 ILMU KOMPUTER,468e0277-f0c5-4950-bd53-a434ee517e7c,Pemerintah Kota Surakarta,CPNS,UMUM,PENATA KELOLA SISTEM DAN TEKNOLOGI INFORMASI,"Pemerintah Kota Surakarta | Badan Perencanaan Pembangunan Daerah | Bidang Perencanaan, Pengendalian dan Evaluasi Pembangunan Daerah",1,1,2785700,3572800,36
5150001,S-1 ILMU KOMPUTER,699e5373-c472-4eba-bfd9-55d0888f6fa0,Pemerintah Kota Surakarta,CPNS,UMUM,PENATA KELOLA SISTEM DAN TEKNOLOGI INFORMASI,"Pemerintah Kota Surakarta | Badan Kesatuan Bangsa dan Politik | Sekretariat Badan Kesatuan Bangsa dan Politik | Subbagian Administrasi, Kepegawaian dan Organisasi",1,1,2785700,3572800,45
5150001,S-1 ILMU KOMPUTER,8dd0e97a-3f47-4c25-8f4e-347e8e187c69,Pemerintah Kota Surakarta,CPNS,UMUM,PENATA KELOLA SISTEM DAN TEKNOLOGI INFORMASI,"Pemerintah Kota Surakarta | Dinas Komunikasi, Informatika, Statistik dan Persandian | Bidang Teknologi dan Informatika",1,1,2785700,3572800,49
5150001,S-1 ILMU KOMPUTER,af5d5ab6-86f6-4585-9540-b9bae3a4517a,Pemerintah Kota Surakarta,CPNS,UMUM,PENATA KELOLA SISTEM DAN TEKNOLOGI INFORMASI,Pemerintah Kota Surakarta | Badan Kesatuan Bangsa dan Politik | Bidang Kesatuan Bangsa,1,1,2785700,3572800,24
5150001,S-1 ILMU KOMPUTER,ca203a46-b8a6-4dfd-8402-95b55ded51ad,Pemerintah Kota Surakarta,CPNS,UMUM,PENATA KELOLA SISTEM DAN TEKNOLOGI INFORMASI,Pemerintah Kota Surakarta | Badan Pendapatan Daerah | Bidang Pendataan | Subbidang Pengembangan Potensi Pendapatan,1,1,2785700,3572800,27
5150001,S-1 ILMU KOMPUTER,ee8819a1-8d8d-4624-862b-c63703ed2803,Pemerintah Kota Surakarta,CPNS,UMUM,PENATA KELOLA SISTEM DAN TEKNOLOGI INFORMASI,Pemerintah Kota Surakarta | Badan Pendapatan Daerah | Bidang Penetapan | Subbidang Dokumentasi Pelaporan,1,1,2785700,3572800,31
5150001,S-1 ILMU KOMPUTER,8a0384c7915b4c4c01915b9734d02ddb,Pemerintah Kota Surakarta,CPNS,PENYANDANG DISABILITAS,PRANATA KOMPUTER AHLI PERTAMA,"Pemerintah Kota Surakarta | Dinas Komunikasi, Informatika, Statistik dan Persandian | Bidang Teknologi dan Informatika",1,1,2785700,3572800,1
5150001,S-1 ILMU KOMPUTER,0595f6a6-d441-41b6-bb35-9d8406d92ebb,Pemerintah Kota Surakarta,CPNS,UMUM,PRANATA KOMPUTER AHLI PERTAMA,Pemerintah Kota Surakarta | Dinas Perhubungan | Sekretariat Dinas Perhubungan,2,1,2785700,3572800,76
5150001,S-1 ILMU KOMPUTER,096b4581-2716-4c0f-9c60-dddba0b4262f,Pemerintah Kota Surakarta,CPNS,UMUM,PRANATA KOMPUTER AHLI PERTAMA,"Pemerintah Kota Surakarta | Badan Kepegawaian dan Pengembangan Sumber Daya Manusia | Bidang Pengadaan, Pemberhentian, dan Informasi Kepegawaian",1,1,2785700,3572800,13
5150001,S-1 ILMU KOMPUTER,17a504f2-a820-4477-8e4a-41f71db070f0,Pemerintah Kota Surakarta,CPNS,UMUM,PRANATA KOMPUTER AHLI PERTAMA,"Pemerintah Kota Surakarta | Dinas Komunikasi, Informatika, Statistik dan Persandian | Bidang Teknologi dan Informatika",1,1,2785700,3572800,8
5150001,S-1 ILMU KOMPUTER,4d415505-5212-469d-8eb5-6959f3d3aa99,Pemerintah Kota Surakarta,CPNS,UMUM,PRANATA KOMPUTER AHLI PERTAMA,Pemerintah Kota Surakarta | Dinas Kependudukan dan Pencatatan Sipil | Bidang Pengelolaan Informasi Administrasi Kependudukan dan Pemanfaatan Data,1,1,2785700,3572800,29
5150001,S-1 ILMU KOMPUTER,b8095a63-aa85-4ddd-aa9b-d98b77de8e9c,Pemerintah Kota Surakarta,CPNS,UMUM,PRANATA KOMPUTER AHLI PERTAMA,"Pemerintah Kota Surakarta | Dinas Komunikasi, Informatika, Statistik dan Persandian | Bidang Penyelenggaraan E-Government",1,1,2785700,3572800,9
5150001,S-1 ILMU KOMPUTER,fde90853-2493-4b15-bbef-018f43718ca1,Pemerintah Kota Surakarta,CPNS,UMUM,PRANATA KOMPUTER AHLI PERTAMA,Pemerintah Kota Surakarta | Dinas Penanaman Modal dan Pelayanan Terpadu Satu Pintu,1,1,2785700,3572800,52
5100269,S-1 ILMU LINGKUNGAN,214b8a0c-4924-44b7-8b3d-a3af5d287377,Pemerintah Kota Surakarta,CPNS,UMUM,PENGENDALI DAMPAK LINGKUNGAN AHLI PERTAMA,Pemerintah Kota Surakarta | Dinas Lingkungan Hidup | Bidang Pengelolaan Sampah dan Limbah B3,2,1,2785700,3572800,88
5100269,S-1 ILMU LINGKUNGAN,28e68571-9b8a-44f5-9f40-854fe696dcac,Pemerintah Kota Surakarta,CPNS,UMUM,PENGENDALI DAMPAK LINGKUNGAN AHLI PERTAMA,"Pemerintah Kota Surakarta | Dinas Lingkungan Hidup | Bidang Penataan, Pengendalian dan Pengelolaan Lingkungan",2,1,2785700,3572800,97
5100269,S-1 ILMU LINGKUNGAN,48491249-0a84-48ce-9fd5-eb8b712cd0c3,Pemerintah Kota Surakarta,CPNS,UMUM,PENGENDALI DAMPAK LINGKUNGAN AHLI PERTAMA,Pemerintah Kota Surakarta | Dinas Lingkungan Hidup | Bidang Tata Kelola Lingkungan,2,1,2785700,3572800,69
5100269,S-1 ILMU LINGKUNGAN,38f640bd-9bee-4a17-933a-33770da761e9,Pemerintah Kota Surakarta,CPNS,UMUM,PENYULUH LINGKUNGAN HIDUP AHLI PERTAMA,Pemerintah Kota Surakarta | Dinas Lingkungan Hidup | Bidang Pengelolaan Sampah dan Limbah B3,1,1,2785700,3572800,11
5100269,S-1 ILMU LINGKUNGAN,652f1c5a-9b3a-4288-bc1e-26c870658000,Pemerintah Kota Surakarta,CPNS,UMUM,PENYULUH LINGKUNGAN HIDUP AHLI PERTAMA,"Pemerintah Kota Surakarta | Dinas Lingkungan Hidup | Bidang Penataan, Pengendalian dan Pengelolaan Lingkungan",2,1,2785700,3572800,71
5210338,S-1 ILMU PEMERINTAHAN,04284421-b5d7-4675-aed9-04049bdabbc4,Pemerintah Kota Surakarta,CPNS,UMUM,ANALIS SUMBER DAYA MANUSIA APARATUR AHLI PERTAMA,Pemerintah Kota Surakarta | Dinas Penanaman Modal dan Pelayanan Terpadu Satu Pintu | Sekretariat Dinas Penanaman Modal dan Pelayanan Terpadu Satu Pintu,1,1,2785700,3572800,2
5210338,S-1 ILMU PEMERINTAHAN,094a26db-ef97-4699-a879-7eda89de4861,Pemerintah Kota Surakarta,CPNS,UMUM,ANALIS SUMBER DAYA MANUSIA APARATUR AHLI PERTAMA,Pemerintah Kota Surakarta | Dinas Koperasi Usaha Kecil dan Menengah dan Perindustrian | Sekretariat Dinas Koperasi Usaha Kecil dan Menengah dan Perindustrian,1,1,2785700,3572800,15
5210338,S-1 ILMU PEMERINTAHAN,1adc4a2e-ff29-49ca-9dc0-ed23dc4f7975,Pemerintah Kota Surakarta,CPNS,UMUM,ANALIS SUMBER DAYA MANUSIA APARATUR AHLI PERTAMA,Pemerintah Kota Surakarta | Dinas Ketahanan Pangan dan Pertanian | Sekretariat Dinas Ketahanan Pangan dan Pertanian,1,1,2785700,3572800,10
5210338,S-1 ILMU PEMERINTAHAN,223fc547-7b8d-496e-97be-a8b3eb60a724,Pemerintah Kota Surakarta,CPNS,UMUM,ANALIS SUMBER DAYA MANUSIA APARATUR AHLI PERTAMA,"Pemerintah Kota Surakarta | Dinas Perumahan, dan Kawasan Permukiman serta Pertanahan | Sekretariat Dinas Perumahan, dan Kawasan Permukiman serta Pertanahan",1,1,2785700,3572800,7
5210338,S-1 ILMU PEMERINTAHAN,251189e0-8e11-480e-88aa-5ba2c92b7c34,Pemerintah Kota Surakarta,CPNS,UMUM,ANALIS SUMBER DAYA MANUSIA APARATUR AHLI PERTAMA,Pemerintah Kota Surakarta | Badan Perencanaan Pembangunan Daerah | Sekretariat Badan Perencanaan Pembangunan Daerah,1,1,2785700,3572800,13
5210338,S-1 ILMU PEMERINTAHAN,374c9310-60ff-4b76-af40-251df8de0729,Pemerintah Kota Surakarta,CPNS,UMUM,ANALIS SUMBER DAYA MANUSIA APARATUR AHLI PERTAMA,Pemerintah Kota Surakarta | Dinas Kepemudaan dan Olahraga | Sekretariat Dinas Kepemudaan dan Olahraga,1,1,2785700,3572800,9
5210338,S-1 ILMU PEMERINTAHAN,3944b4d8-129b-4961-babf-e2d98b7ed8d1,Pemerintah Kota Surakarta,CPNS,UMUM,ANALIS SUMBER DAYA MANUSIA APARATUR AHLI PERTAMA,Pemerintah Kota Surakarta | Badan Kepegawaian dan Pengembangan Sumber Daya Manusia | Bidang Penilaian dan Evaluasi Kinerja Aparatur,1,1,2785700,3572800,7
5210338,S-1 ILMU PEMERINTAHAN,4949b134-b33b-4718-89bb-ffcd597342df,Pemerintah Kota Surakarta,CPNS,UMUM,ANALIS SUMBER DAYA MANUSIA APARATUR AHLI PERTAMA,"Pemerintah Kota Surakarta | Dinas Komunikasi, Informatika, Statistik dan Persandian | Sekretariat Dinas Komunikasi, Informatika, Statistik dan Persandian",1,1,2785700,3572800,5
5210338,S-1 ILMU PEMERINTAHAN,7331561f-bb04-4a8f-9f03-a009a108af91,Pemerintah Kota Surakarta,CPNS,UMUM,ANALIS SUMBER DAYA MANUSIA APARATUR AHLI PERTAMA,Pemerintah Kota Surakarta | Sekretariat Daerah | Asisten Administrasi Umum | Bagian Organisasi,2,1,2785700,3572800,93
5210338,S-1 ILMU PEMERINTAHAN,ba3ffe48-3e58-4ab5-8826-c6e97fbe4e41,Pemerintah Kota Surakarta,CPNS,UMUM,ANALIS SUMBER DAYA MANUSIA APARATUR AHLI PERTAMA,Pemerintah Kota Surakarta | Dinas Pendidikan | Bidang Pengembangan Pendidikan,1,1,2785700,3572800,119
5210338,S-1 ILMU PEMERINTAHAN,5ed35a3d-31b5-4f54-bfdd-81d3ba1f4312,Pemerintah Kota Surakarta,CPNS,UMUM,ASESOR SUMBER DAYA MANUSIA APARATUR AHLI PERTAMA,Pemerintah Kota Surakarta | Badan Kepegawaian dan Pengembangan Sumber Daya Manusia | Bidang Mutasi dan Promosi,2,1,2785700,3572800,107
5210338,S-1 ILMU PEMERINTAHAN,001c9f81-467a-4ea6-912b-1e6084cd25ac,Pemerintah Kota Surakarta,CPNS,UMUM,FASILITATOR PEMERINTAHAN,Pemerintah Kota Surakarta | Kecamatan Banjarsari | Kelurahan Banjarsari | Sekretariat Kelurahan Banjarsari,1,1,2785700,3572800,2
5210338,S-1 ILMU PEMERINTAHAN,04fd9cab-5839-45ea-a9a6-1c1381602e32,Pemerintah Kota Surakarta,CPNS,UMUM,FASILITATOR PEMERINTAHAN,Pemerintah Kota Surakarta | Kecamatan Jebres | Kelurahan Sewu | Sekretariat Kelurahan Sewu,1,1,2785700,3572800,3
5210338,S-1 ILMU PEMERINTAHAN,0d0f80db-05da-43e4-88b8-78cd40eb4b00,Pemerintah Kota Surakarta,CPNS,UMUM,FASILITATOR PEMERINTAHAN,Pemerintah Kota Surakarta | Kecamatan Jebres | Kelurahan Mojosongo | Sekretariat Kelurahan Mojosongo,1,1,2785700,3572800,2
5210338,S-1 ILMU PEMERINTAHAN,14fba508-00d8-4082-be96-f5af5b29ee58,Pemerintah Kota Surakarta,CPNS,UMUM,FASILITATOR PEMERINTAHAN,Pemerintah Kota Surakarta | Kecamatan Banjarsari | Kelurahan Mangkubumen | Sekretariat Kelurahan Mangkubumen,1,1,2785700,3572800,2
5210338,S-1 ILMU PEMERINTAHAN,1680180b-bb3a-4002-b57d-9bcb3928b081,Pemerintah Kota Surakarta,CPNS,UMUM,FASILITATOR PEMERINTAHAN,Pemerintah Kota Surakarta | Kecamatan Jebres | Kelurahan Sudiroprajan | Sekretariat Kelurahan Sudiroprajan,1,1,2785700,3572800,3
5210338,S-1 ILMU PEMERINTAHAN,17d0270e-ddea-4d37-9335-647532e73df2,Pemerintah Kota Surakarta,CPNS,UMUM,FASILITATOR PEMERINTAHAN,Pemerintah Kota Surakarta | Kecamatan Banjarsari | Kelurahan Punggawan | Sekretariat Kelurahan Punggawan,1,1,2785700,3572800,3
5210338,S-1 ILMU PEMERINTAHAN,22c8231d-804e-4a68-8d5a-6e15f846a2dd,Pemerintah Kota Surakarta,CPNS,UMUM,FASILITATOR PEMERINTAHAN,Pemerintah Kota Surakarta | Kecamatan Serengan | Kelurahan Kemlayan | Sekretariat Kelurahan Kemlayan,1,1,2785700,3572800,3
5210338,S-1 ILMU PEMERINTAHAN,249a009a-5a92-47b8-b925-36ef36f41c61,Pemerintah Kota Surakarta,CPNS,UMUM,FASILITATOR PEMERINTAHAN,Pemerintah Kota Surakarta | Kecamatan Jebres | Kelurahan Jagalan | Sekretariat Kelurahan Jagalan,1,1,2785700,3572800,3
5210338,S-1 ILMU PEMERINTAHAN,2cceef12-b9e4-460e-928f-093626dc579b,Pemerintah Kota Surakarta,CPNS,UMUM,FASILITATOR PEMERINTAHAN,Pemerintah Kota Surakarta | Kecamatan Banjarsari | Kelurahan Banyuanyar | Sekretariat Kelurahan Banyuanyar,1,1,2785700,3572800,4
5210338,S-1 ILMU PEMERINTAHAN,2d2de932-cba9-458d-ac51-b40a3edd583c,Pemerintah Kota Surakarta,CPNS,UMUM,FASILITATOR PEMERINTAHAN,Pemerintah Kota Surakarta | Kecamatan Pasarkliwon | Kelurahan Mojo | Sekretariat Kelurahan Mojo,1,1,2785700,3572800,2
5210338,S-1 ILMU PEMERINTAHAN,399cb7a1-159c-4395-95de-07849bdf9b7b,Pemerintah Kota Surakarta,CPNS,UMUM,FASILITATOR PEMERINTAHAN,Pemerintah Kota Surakarta | Kecamatan Laweyan | Kelurahan Karangasem | Sekretariat Kelurahan Karangasem,1,1,2785700,3572800,2
5210338,S-1 ILMU PEMERINTAHAN,4a4ac4d8-be3f-454d-bb34-ba2e22365df1,Pemerintah Kota Surakarta,CPNS,UMUM,FASILITATOR PEMERINTAHAN,Pemerintah Kota Surakarta | Kecamatan Banjarsari | Kelurahan Gilingan | Sekretariat Kelurahan Gilingan,1,1,2785700,3572800,1
5210338,S-1 ILMU PEMERINTAHAN,4ee66cf7-5df9-4f5b-839e-0e00d54a3d4f,Pemerintah Kota Surakarta,CPNS,UMUM,FASILITATOR PEMERINTAHAN,Pemerintah Kota Surakarta | Kecamatan Banjarsari | Kelurahan Manahan | Sekretariat Kelurahan Manahan,1,1,2785700,3572800,3
5210338,S-1 ILMU PEMERINTAHAN,4f9273e3-9b61-4c7e-95f6-1ff15f098fba,Pemerintah Kota Surakarta,CPNS,UMUM,FASILITATOR PEMERINTAHAN,Pemerintah Kota Surakarta | Kecamatan Serengan | Kelurahan Kratonan | Sekretariat Kelurahan Kratonan,1,1,2785700,3572800,1
5210338,S-1 ILMU PEMERINTAHAN,52ea94ac-63b2-4b06-bbdd-6d4a2c2a1b83,Pemerintah Kota Surakarta,CPNS,UMUM,FASILITATOR PEMERINTAHAN,Pemerintah Kota Surakarta | Kecamatan Jebres | Kelurahan Kepatihan Kulon | Sekretariat Kelurahan Kepatihan Kulon,1,1,2785700,3572800,3
5210338,S-1 ILMU PEMERINTAHAN,5502c69f-e137-4258-aa41-e089fb8ad718,Pemerintah Kota Surakarta,CPNS,UMUM,FASILITATOR PEMERINTAHAN,Pemerintah Kota Surakarta | Kecamatan Pasarkliwon | Kelurahan Kampung Baru | Sekretariat Kelurahan Kampung Baru,1,1,2785700,3572800,2
5210338,S-1 ILMU PEMERINTAHAN,607f8221-dcd4-4aef-84c1-2c65f7662ab5,Pemerintah Kota Surakarta,CPNS,UMUM,FASILITATOR PEMERINTAHAN,Pemerintah Kota Surakarta | Kecamatan Serengan | Kelurahan Jayengan | Sekretariat Kelurahan Jayengan,1,1,2785700,3572800,2
5210338,S-1 ILMU PEMERINTAHAN,623d95a3-0fbe-449f-b205-2145495ccc55,Pemerintah Kota Surakarta,CPNS,UMUM,FASILITATOR PEMERINTAHAN,Pemerintah Kota Surakarta | Kecamatan Banjarsari | Kelurahan Timuran | Sekretariat Kelurahan Timuran,1,1,2785700,3572800,4
5210338,S-1 ILMU PEMERINTAHAN,648fd780-0d26-4045-a7da-129fb5036c9c,Pemerintah Kota Surakarta,CPNS,UMUM,FASILITATOR PEMERINTAHAN,Pemerintah Kota Surakarta | Kecamatan Jebres | Kelurahan Tegalharjo | Sekretariat Kelurahan Tegalharjo,1,1,2785700,3572800,3
5210338,S-1 ILMU PEMERINTAHAN,6a8f42b8-9025-434b-bf5c-4aa4b9b0bbd6,Pemerintah Kota Surakarta,CPNS,UMUM,FASILITATOR PEMERINTAHAN,Pemerintah Kota Surakarta | Kecamatan Serengan | Kelurahan Danukusuman | Sekretariat Kelurahan Danukusuman,1,1,2785700,3572800,2
5210338,S-1 ILMU PEMERINTAHAN,6b585cef-ea49-415c-a6b6-3fea3a73d133,Pemerintah Kota Surakarta,CPNS,UMUM,FASILITATOR PEMERINTAHAN,Pemerintah Kota Surakarta | Kecamatan Banjarsari | Kelurahan Nusukan | Sekretariat Kelurahan Nusukan,1,1,2785700,3572800,1
5210338,S-1 ILMU PEMERINTAHAN,6e7fcf6a-f000-404f-8c35-199e5b1d0baa,Pemerintah Kota Surakarta,CPNS,UMUM,FASILITATOR PEMERINTAHAN,Pemerintah Kota Surakarta | Kecamatan Banjarsari | Kelurahan Joglo | Sekretariat Kelurahan Joglo,1,1,2785700,3572800,5
5210338,S-1 ILMU PEMERINTAHAN,6eaee542-b30e-49c6-aade-1a46f8857d86,Pemerintah Kota Surakarta,CPNS,UMUM,FASILITATOR PEMERINTAHAN,Pemerintah Kota Surakarta | Kecamatan Serengan | Kelurahan Joyotakan | Sekretariat Kelurahan Joyotakan,1,1,2785700,3572800,4
5210338,S-1 ILMU PEMERINTAHAN,7a85707f-d318-4a78-aaf1-aa87c128d10d,Pemerintah Kota Surakarta,CPNS,UMUM,FASILITATOR PEMERINTAHAN,Pemerintah Kota Surakarta | Kecamatan Laweyan | Kelurahan Purwosari | Sekretariat Kelurahan Purwosari,1,1,2785700,3572800,2
5210338,S-1 ILMU PEMERINTAHAN,7e900ec1-a84f-44f7-899c-53361053ca4d,Pemerintah Kota Surakarta,CPNS,UMUM,FASILITATOR PEMERINTAHAN,Pemerintah Kota Surakarta | Kecamatan Laweyan | Kelurahan Laweyan | Sekretariat Kelurahan Laweyan,1,1,2785700,3572800,3
5210338,S-1 ILMU PEMERINTAHAN,84947fc7-17d3-42ff-bbdc-728dac260baa,Pemerintah Kota Surakarta,CPNS,UMUM,FASILITATOR PEMERINTAHAN,Pemerintah Kota Surakarta | Kecamatan Serengan | Kelurahan Serengan | Sekretariat Kelurahan Serengan,1,1,2785700,3572800,1
5210338,S-1 ILMU PEMERINTAHAN,8844bfc4-ef8e-4b86-a914-543f67bef177,Pemerintah Kota Surakarta,CPNS,UMUM,FASILITATOR PEMERINTAHAN,Pemerintah Kota Surakarta | Kecamatan Jebres | Kelurahan Purwodiningratan | Sekretariat Kelurahan Purwodiningratan,1,1,2785700,3572800,2
5210338,S-1 ILMU PEMERINTAHAN,8cf7a7a6-bdc5-4f32-86f8-92f655381803,Pemerintah Kota Surakarta,CPNS,UMUM,FASILITATOR PEMERINTAHAN,Pemerintah Kota Surakarta | Kecamatan Pasarkliwon | Kelurahan Semanggi | Sekretariat Kelurahan Semanggi,1,1,2785700,3572800,1
5210338,S-1 ILMU PEMERINTAHAN,8d06ea25-b0a1-46ac-9294-8b8b4c84debb,Pemerintah Kota Surakarta,CPNS,UMUM,FASILITATOR PEMERINTAHAN,Pemerintah Kota Surakarta | Kecamatan Banjarsari | Kelurahan Kadipiro | Sekretariat Kelurahan Kadipiro,1,1,2785700,3572800,1
5210338,S-1 ILMU PEMERINTAHAN,940d7e3a-76ad-4670-b68b-0e38ea6dd8ea,Pemerintah Kota Surakarta,CPNS,UMUM,FASILITATOR PEMERINTAHAN,Pemerintah Kota Surakarta | Kecamatan Serengan | Kelurahan Tipes | Sekretariat Kelurahan Tipes,1,1,2785700,3572800,5
5210338,S-1 ILMU PEMERINTAHAN,9424eea9-6b64-46b2-bbed-f4c7410cbfb8,Pemerintah Kota Surakarta,CPNS,UMUM,FASILITATOR PEMERINTAHAN,Pemerintah Kota Surakarta | Kecamatan Pasarkliwon | Kelurahan Joyosuran | Sekretariat Kelurahan Joyosuran,1,1,2785700,3572800,1
5210338,S-1 ILMU PEMERINTAHAN,94a02d5f-4e61-45a4-8059-da17b0e1393a,Pemerintah Kota Surakarta,CPNS,UMUM,FASILITATOR PEMERINTAHAN,Pemerintah Kota Surakarta | Kecamatan Pasarkliwon | Kelurahan Sangkrah | Sekretariat Kelurahan Sangkrah,1,1,2785700,3572800,1
5210338,S-1 ILMU PEMERINTAHAN,985ae2f0-343b-435a-9ab4-35cd7a8960dc,Pemerintah Kota Surakarta,CPNS,UMUM,FASILITATOR PEMERINTAHAN,Pemerintah Kota Surakarta | Kecamatan Laweyan | Kelurahan Panularan | Sekretariat Kelurahan Panularan,1,1,2785700,3572800,2
5210338,S-1 ILMU PEMERINTAHAN,a5ab0117-1ec5-42b8-83ba-f7148bb51a07,Pemerintah Kota Surakarta,CPNS,UMUM,FASILITATOR PEMERINTAHAN,Pemerintah Kota Surakarta | Kecamatan Pasarkliwon | Kelurahan Pasarkliwon | Sekretariat Kelurahan Pasar Kliwon,1,1,2785700,3572800,2
5210338,S-1 ILMU PEMERINTAHAN,a6b7187f-b30c-419d-b96d-e399fae9964c,Pemerintah Kota Surakarta,CPNS,UMUM,FASILITATOR PEMERINTAHAN,Pemerintah Kota Surakarta | Kecamatan Jebres | Kelurahan Pucangsawit | Sekretariat Kelurahan Pucangsawit,1,1,2785700,3572800,3
5210338,S-1 ILMU PEMERINTAHAN,ab530784-042b-4fc7-82b6-a823daea6bf2,Pemerintah Kota Surakarta,CPNS,UMUM,FASILITATOR PEMERINTAHAN,Pemerintah Kota Surakarta | Kecamatan Jebres | Kelurahan Gandekan | Sekretariat Kelurahan Gandekan,1,1,2785700,3572800,1
5210338,S-1 ILMU PEMERINTAHAN,ba6ca2ae-39bb-4bef-8479-3a4ea93a58db,Pemerintah Kota Surakarta,CPNS,UMUM,FASILITATOR PEMERINTAHAN,Pemerintah Kota Surakarta | Kecamatan Banjarsari | Kelurahan Ketelan | Sekretariat Kelurahan Ketelan,1,1,2785700,3572800,3
5210338,S-1 ILMU PEMERINTAHAN,c0b09662-73ac-4826-a35e-718b058840ec,Pemerintah Kota Surakarta,CPNS,UMUM,FASILITATOR PEMERINTAHAN,Pemerintah Kota Surakarta | Kecamatan Jebres | Kelurahan Jebres | Sekretariat Kelurahan Jebres,1,1,2785700,3572800,1
5210338,S-1 ILMU PEMERINTAHAN,c3f830bc-fdde-401f-b580-53e2c8fd34d8,Pemerintah Kota Surakarta,CPNS,UMUM,FASILITATOR PEMERINTAHAN,Pemerintah Kota Surakarta | Kecamatan Pasarkliwon | Kelurahan Gajahan | Sekretariat Kelurahan Gajahan,1,1,2785700,3572800,2
5210338,S-1 ILMU PEMERINTAHAN,c6449bf9-89c5-4d49-bf27-a3e98cd1f1a6,Pemerintah Kota Surakarta,CPNS,UMUM,FASILITATOR PEMERINTAHAN,Pemerintah Kota Surakarta | Kecamatan Banjarsari | Kelurahan Sumber | Sekretariat Kelurahan Sumber,1,1,2785700,3572800,3
5210338,S-1 ILMU PEMERINTAHAN,d0ba14b4-9e96-44c2-8539-c6077f7d7687,Pemerintah Kota Surakarta,CPNS,UMUM,FASILITATOR PEMERINTAHAN,Pemerintah Kota Surakarta | Kecamatan Jebres | Kelurahan Kepatihan Wetan | Sekretariat Kelurahan Kepatihan Wetan,1,1,2785700,3572800,3
5210338,S-1 ILMU PEMERINTAHAN,d4ed3382-4cec-41e9-b302-6b302d6d2e7c,Pemerintah Kota Surakarta,CPNS,UMUM,FASILITATOR PEMERINTAHAN,Pemerintah Kota Surakarta | Kecamatan Laweyan | Kelurahan Jajar | Sekretariat Kelurahan Jajar,1,1,2785700,3572800,1
5210338,S-1 ILMU PEMERINTAHAN,d53b469b-25ac-4bc5-a9d4-6fc61d7a3619,Pemerintah Kota Surakarta,CPNS,UMUM,FASILITATOR PEMERINTAHAN,Pemerintah Kota Surakarta | Kecamatan Banjarsari | Kelurahan Kestalan | Sekretariat Kelurahan Kestalan,1,1,2785700,3572800,1
5210338,S-1 ILMU PEMERINTAHAN,d9cd7fb0-f860-4b1b-ac97-f750660184fb,Pemerintah Kota Surakarta,CPNS,UMUM,FASILITATOR PEMERINTAHAN,Pemerintah Kota Surakarta | Kecamatan Laweyan | Kelurahan Sriwedari | Sekretariat Kelurahan Sriwedari,1,1,2785700,3572800,2
5210338,S-1 ILMU PEMERINTAHAN,e2133faa-0d63-454b-a225-c79c10b22975,Pemerintah Kota Surakarta,CPNS,UMUM,FASILITATOR PEMERINTAHAN,Pemerintah Kota Surakarta | Kecamatan Banjarsari | Kelurahan Keprabon | Sekretariat Kelurahan Keprabon,1,1,2785700,3572800,2
5210338,S-1 ILMU PEMERINTAHAN,e6ff9cf9-1f13-4564-b9a1-db30861945b8,Pemerintah Kota Surakarta,CPNS,UMUM,FASILITATOR PEMERINTAHAN,Pemerintah Kota Surakarta | Kecamatan Pasarkliwon | Kelurahan Kauman | Sekretariat Kelurahan Kauman,1,1,2785700,3572800,1
5210338,S-1 ILMU PEMERINTAHAN,ea86a4d2-3f6e-475d-8e6d-2490cefed23b,Pemerintah Kota Surakarta,CPNS,UMUM,FASILITATOR PEMERINTAHAN,Pemerintah Kota Surakarta | Kecamatan Laweyan | Kelurahan Pajang | Sekretariat Kelurahan Pajang,1,1,2785700,3572800,3
5210338,S-1 ILMU PEMERINTAHAN,ec54a702-229b-42c1-a625-afc11a67630a,Pemerintah Kota Surakarta,CPNS,UMUM,FASILITATOR PEMERINTAHAN,Pemerintah Kota Surakarta | Kecamatan Laweyan | Kelurahan Bumi | Sekretariat Kelurahan Bumi,1,1,2785700,3572800,3
5210338,S-1 ILMU PEMERINTAHAN,eeb2c850-a592-4790-b543-f67a8112e06a,Pemerintah Kota Surakarta,CPNS,UMUM,FASILITATOR PEMERINTAHAN,Pemerintah Kota Surakarta | Kecamatan Banjarsari | Kelurahan Setabelan | Sekretariat Kelurahan Setabelan,1,1,2785700,3572800,1
5210338,S-1 ILMU PEMERINTAHAN,ef4a7e98-0f3b-4854-96e4-1fc6f0020c31,Pemerintah Kota Surakarta,CPNS,UMUM,FASILITATOR PEMERINTAHAN,Pemerintah Kota Surakarta | Kecamatan Laweyan | Kelurahan Kerten | Sekretariat Kelurahan Kerten,1,1,2785700,3572800,2
5210338,S-1 ILMU PEMERINTAHAN,f8855d39-0adf-4563-880b-5632fcdcb618,Pemerintah Kota Surakarta,CPNS,UMUM,FASILITATOR PEMERINTAHAN,Pemerintah Kota Surakarta | Kecamatan Laweyan | Kelurahan Penumping | Sekretariat Kelurahan Penumping,1,1,2785700,3572800,5
5210338,S-1 ILMU PEMERINTAHAN,fae77aca-f822-4400-92c9-d24351424adc,Pemerintah Kota Surakarta,CPNS,UMUM,FASILITATOR PEMERINTAHAN,Pemerintah Kota Surakarta | Kecamatan Laweyan | Kelurahan Sondakan | Sekretariat Kelurahan Sondakan,1,1,2785700,3572800,3
5210338,S-1 ILMU PEMERINTAHAN,fd9630e5-f890-4512-a785-a17f7f064b7e,Pemerintah Kota Surakarta,CPNS,UMUM,FASILITATOR PEMERINTAHAN,Pemerintah Kota Surakarta | Kecamatan Pasarkliwon | Kelurahan Kedung Lumbu | Sekretariat Kelurahan Kedung Lumbu,1,1,2785700,3572800,1
5210338,S-1 ILMU PEMERINTAHAN,fd3b5931-8807-44dd-b8b6-6fe4594aa97d,Pemerintah Kota Surakarta,CPNS,UMUM,PERENCANA AHLI PERTAMA,Pemerintah Kota Surakarta | Badan Perencanaan Pembangunan Daerah | Bidang Pemerintahan dan Pembangunan Manusia,1,1,2785700,3572800,9
5210338,S-1 ILMU PEMERINTAHAN,40657b85-2328-4191-987d-d02b445e4635,Pemerintah Kota Surakarta,CPNS,UMUM,POLISI PAMONG PRAJA AHLI PERTAMA,Pemerintah Kota Surakarta | Satuan Polisi Pamong Praja | Bidang Penanganan Gangguan Ketenteraman dan Ketertiban Umum,2,1,2785700,3572800,5
5210338,S-1 ILMU PEMERINTAHAN,d41ea355-eca5-4eac-a3b3-8048f98d2a4b,Pemerintah Kota Surakarta,CPNS,UMUM,POLISI PAMONG PRAJA AHLI PERTAMA,Pemerintah Kota Surakarta | Satuan Polisi Pamong Praja | Bidang Penegakan Perundang-Undangan Daerah,1,1,2785700,3572800,2
5210338,S-1 ILMU PEMERINTAHAN,242a6512-d39e-42ec-a083-210c8abd1145,Pemerintah Kota Surakarta,CPNS,UMUM,PRANATA KEWILAYAHAN,Pemerintah Kota Surakarta | Kecamatan Laweyan | Seksi Pembangunan,1,1,2785700,3572800,5
5210338,S-1 ILMU PEMERINTAHAN,26d6cc33-ee7d-4327-bf16-ceb76b11fa64,Pemerintah Kota Surakarta,CPNS,UMUM,PRANATA KEWILAYAHAN,Pemerintah Kota Surakarta | Kecamatan Banjarsari | Seksi Pembangunan,1,1,2785700,3572800,3
5210338,S-1 ILMU PEMERINTAHAN,26eedd17-b62f-4709-8b16-59fbf89de4c0,Pemerintah Kota Surakarta,CPNS,UMUM,PRANATA KEWILAYAHAN,Pemerintah Kota Surakarta | Kecamatan Jebres | Seksi Pembangunan,1,1,2785700,3572800,2
5210338,S-1 ILMU PEMERINTAHAN,4e4d2d1b-5b10-4286-ac87-33d71c8cc867,Pemerintah Kota Surakarta,CPNS,UMUM,PRANATA KEWILAYAHAN,Pemerintah Kota Surakarta | Kecamatan Pasarkliwon | Seksi Pembangunan,1,1,2785700,3572800,1
5210338,S-1 ILMU PEMERINTAHAN,57738a42-69aa-4e2e-b885-a703af0b2be7,Pemerintah Kota Surakarta,CPNS,UMUM,PRANATA KEWILAYAHAN,Pemerintah Kota Surakarta | Kecamatan Serengan | Seksi Pembangunan,1,1,2785700,3572800,2
5191141,S-1 INFORMATIKA,ba3ffe48-3e58-4ab5-8826-c6e97fbe4e41,Pemerintah Kota Surakarta,CPNS,UMUM,ANALIS SUMBER DAYA MANUSIA APARATUR AHLI PERTAMA,Pemerintah Kota Surakarta | Dinas Pendidikan | Bidang Pengembangan Pendidikan,1,1,2785700,3572800,119
5153001,S-1 JURNALISTIK,eb149c34-5d8a-43a0-bea6-b005fc08e638,Pemerintah Kota Surakarta,CPNS,UMUM,PENATA PENERBITAN ILMIAH AHLI PERTAMA,Pemerintah Kota Surakarta | Badan Riset dan Inovasi Daerah | Bidang Inovasi,1,1,2785700,3572800,30
5100048,S-1 KEBIJAKAN PEMERINTAHAN,04284421-b5d7-4675-aed9-04049bdabbc4,Pemerintah Kota Surakarta,CPNS,UMUM,ANALIS SUMBER DAYA MANUSIA APARATUR AHLI PERTAMA,Pemerintah Kota Surakarta | Dinas Penanaman Modal dan Pelayanan Terpadu Satu Pintu | Sekretariat Dinas Penanaman Modal dan Pelayanan Terpadu Satu Pintu,1,1,2785700,3572800,2
5100048,S-1 KEBIJAKAN PEMERINTAHAN,094a26db-ef97-4699-a879-7eda89de4861,Pemerintah Kota Surakarta,CPNS,UMUM,ANALIS SUMBER DAYA MANUSIA APARATUR AHLI PERTAMA,Pemerintah Kota Surakarta | Dinas Koperasi Usaha Kecil dan Menengah dan Perindustrian | Sekretariat Dinas Koperasi Usaha Kecil dan Menengah dan Perindustrian,1,1,2785700,3572800,15
5100048,S-1 KEBIJAKAN PEMERINTAHAN,1adc4a2e-ff29-49ca-9dc0-ed23dc4f7975,Pemerintah Kota Surakarta,CPNS,UMUM,ANALIS SUMBER DAYA MANUSIA APARATUR AHLI PERTAMA,Pemerintah Kota Surakarta | Dinas Ketahanan Pangan dan Pertanian | Sekretariat Dinas Ketahanan Pangan dan Pertanian,1,1,2785700,3572800,10
5100048,S-1 KEBIJAKAN PEMERINTAHAN,223fc547-7b8d-496e-97be-a8b3eb60a724,Pemerintah Kota Surakarta,CPNS,UMUM,ANALIS SUMBER DAYA MANUSIA APARATUR AHLI PERTAMA,"Pemerintah Kota Surakarta | Dinas Perumahan, dan Kawasan Permukiman serta Pertanahan | Sekretariat Dinas Perumahan, dan Kawasan Permukiman serta Pertanahan",1,1,2785700,3572800,7
5100048,S-1 KEBIJAKAN PEMERINTAHAN,251189e0-8e11-480e-88aa-5ba2c92b7c34,Pemerintah Kota Surakarta,CPNS,UMUM,ANALIS SUMBER DAYA MANUSIA APARATUR AHLI PERTAMA,Pemerintah Kota Surakarta | Badan Perencanaan Pembangunan Daerah | Sekretariat Badan Perencanaan Pembangunan Daerah,1,1,2785700,3572800,13
5100048,S-1 KEBIJAKAN PEMERINTAHAN,374c9310-60ff-4b76-af40-251df8de0729,Pemerintah Kota Surakarta,CPNS,UMUM,ANALIS SUMBER DAYA MANUSIA APARATUR AHLI PERTAMA,Pemerintah Kota Surakarta | Dinas Kepemudaan dan Olahraga | Sekretariat Dinas Kepemudaan dan Olahraga,1,1,2785700,3572800,9
5100048,S-1 KEBIJAKAN PEMERINTAHAN,3944b4d8-129b-4961-babf-e2d98b7ed8d1,Pemerintah Kota Surakarta,CPNS,UMUM,ANALIS SUMBER DAYA MANUSIA APARATUR AHLI PERTAMA,Pemerintah Kota Surakarta | Badan Kepegawaian dan Pengembangan Sumber Daya Manusia | Bidang Penilaian dan Evaluasi Kinerja Aparatur,1,1,2785700,3572800,7
5100048,S-1 KEBIJAKAN PEMERINTAHAN,4949b134-b33b-4718-89bb-ffcd597342df,Pemerintah Kota Surakarta,CPNS,UMUM,ANALIS SUMBER DAYA MANUSIA APARATUR AHLI PERTAMA,"Pemerintah Kota Surakarta | Dinas Komunikasi, Informatika, Statistik dan Persandian | Sekretariat Dinas Komunikasi, Informatika, Statistik dan Persandian",1,1,2785700,3572800,5
5100048,S-1 KEBIJAKAN PEMERINTAHAN,7331561f-bb04-4a8f-9f03-a009a108af91,Pemerintah Kota Surakarta,CPNS,UMUM,ANALIS SUMBER DAYA MANUSIA APARATUR AHLI PERTAMA,Pemerintah Kota Surakarta | Sekretariat Daerah | Asisten Administrasi Umum | Bagian Organisasi,2,1,2785700,3572800,93
5100048,S-1 KEBIJAKAN PEMERINTAHAN,ba3ffe48-3e58-4ab5-8826-c6e97fbe4e41,Pemerintah Kota Surakarta,CPNS,UMUM,ANALIS SUMBER DAYA MANUSIA APARATUR AHLI PERTAMA,Pemerintah Kota Surakarta | Dinas Pendidikan | Bidang Pengembangan Pendidikan,1,1,2785700,3572800,119
5100048,S-1 KEBIJAKAN PEMERINTAHAN,5ed35a3d-31b5-4f54-bfdd-81d3ba1f4312,Pemerintah Kota Surakarta,CPNS,UMUM,ASESOR SUMBER DAYA MANUSIA APARATUR AHLI PERTAMA,Pemerintah Kota Surakarta | Badan Kepegawaian dan Pengembangan Sumber Daya Manusia | Bidang Mutasi dan Promosi,2,1,2785700,3572800,107
5101309,S-1 KESEJAHTERAAN SOSIAL,8a0384c7915b4c4c01915b9587692c77,Pemerintah Kota Surakarta,CPNS,PENYANDANG DISABILITAS,PEKERJA SOSIAL AHLI PERTAMA,Pemerintah Kota Surakarta | Dinas Sosial | Bidang Rehabilitasi Sosial,2,1,2785700,3572800,1
5101309,S-1 KESEJAHTERAAN SOSIAL,406b3294-ed63-4cc8-a363-b8592efc9a02,Pemerintah Kota Surakarta,CPNS,UMUM,PEKERJA SOSIAL AHLI PERTAMA,Pemerintah Kota Surakarta | Dinas Sosial | Bidang Rehabilitasi Sosial,3,1,2785700,3572800,40
5101309,S-1 KESEJAHTERAAN SOSIAL,9afaecf2-bfca-4e5f-a038-53c89225b514,Pemerintah Kota Surakarta,CPNS,UMUM,PENATA KELOLA PEMBERDAYAAN PEREMPUAN DAN PERLINDUNGAN ANAK,Pemerintah Kota Surakarta | Dinas Pemberdayaan Perempuan dan Pelindungan Anak serta Pengendalian Penduduk dan Keluarga Berencana | Bidang Pemenuhan Hak Anak dan Pelindungan Khusus Anak,2,1,2785700,3572800,195
5101309,S-1 KESEJAHTERAAN SOSIAL,ae0db4e5-440a-4222-ba3d-2c2020daa8de,Pemerintah Kota Surakarta,CPNS,UMUM,PENATA KELOLA PEMBERDAYAAN PEREMPUAN DAN PERLINDUNGAN ANAK,Pemerintah Kota Surakarta | Dinas Pemberdayaan Perempuan dan Pelindungan Anak serta Pengendalian Penduduk dan Keluarga Berencana | Bidang Kualitas Hidup dan Pelindungan Perempuan,1,1,2785700,3572800,35
5107211,S-1 KIMIA,869d7a7a-07ae-411a-a69f-0b753e70b815,Pemerintah Kota Surakarta,CPNS,UMUM,ANALIS KEBAKARAN AHLI PERTAMA,"Pemerintah Kota Surakarta | Dinas Pemadam Kebakaran | Bidang Penyelamatan dan Penanganan Kebakaran, dan Pertolongan Korban",2,1,2785700,3572800,155
5210360,S-1 MANAJEMEN PEMERINTAHAN,ba3ffe48-3e58-4ab5-8826-c6e97fbe4e41,Pemerintah Kota Surakarta,CPNS,UMUM,ANALIS SUMBER DAYA MANUSIA APARATUR AHLI PERTAMA,Pemerintah Kota Surakarta | Dinas Pendidikan | Bidang Pengembangan Pendidikan,1,1,2785700,3572800,119
5101050,S-1 MATEMATIKA,1c824441-fad2-4ccc-97cf-d0d4caf2f7b1,Pemerintah Kota Surakarta,CPNS,UMUM,ANALIS DATA ILMIAH AHLI PERTAMA,Pemerintah Kota Surakarta | Badan Riset dan Inovasi Daerah | Bidang Riset,1,1,2785700,3572800,94
5101050,S-1 MATEMATIKA,318cff07-aa35-48b6-836d-989fa580cc8a,Pemerintah Kota Surakarta,CPNS,UMUM,PENERA AHLI PERTAMA,Pemerintah Kota Surakarta | Dinas Perdagangan | UPTD Metrologi Legal,2,1,2785700,3572800,251
5109900,S-1 PARIWISATA,684e2e64-689d-456a-95de-a89a0f9e7bc0,Pemerintah Kota Surakarta,CPNS,UMUM,ADYATAMA KEPARIWISATAAN DAN EKONOMI KREATIF AHLI PERTAMA,Pemerintah Kota Surakarta | Dinas Kebudayaan dan Pariwisata | Bidang Destinasi dan Pemasaran Pariwisata,2,1,2785700,3572800,81
5109900,S-1 PARIWISATA,8f724812-0539-4a21-94c7-66bb21c94d4b,Pemerintah Kota Surakarta,CPNS,UMUM,ADYATAMA KEPARIWISATAAN DAN EKONOMI KREATIF AHLI PERTAMA,Pemerintah Kota Surakarta | Dinas Kebudayaan dan Pariwisata | Bidang Pengembangan Sumber Daya Pariwisata dan Ekonomi Kreatif,2,1,2785700,3572800,63
5192783,S-1 PEMBANGUNAN WILAYAH,dd695632-cc86-4954-87f7-204ad2b92971,Pemerintah Kota Surakarta,CPNS,UMUM,PRANATA KEWILAYAHAN,Pemerintah Kota Surakarta | Sekretariat Daerah | Asisten Administrasi Umum | Bagian Organisasi | Subbagian Kinerja dan Reformasi Birokrasi,1,1,2785700,3572800,19
5100389,S-1 PERENCANAAN WILAYAH KOTA,d1d8b0e6-8032-44b6-9b0d-005480b53d00,Pemerintah Kota Surakarta,CPNS,UMUM,PERENCANA AHLI PERTAMA,Pemerintah Kota Surakarta | Badan Perencanaan Pembangunan Daerah | Bidang Infrastruktur dan Kewilayahan,2,1,2785700,3572800,44
5130000,S-1 PSIKOLOGI,5ed35a3d-31b5-4f54-bfdd-81d3ba1f4312,Pemerintah Kota Surakarta,CPNS,UMUM,ASESOR SUMBER DAYA MANUSIA APARATUR AHLI PERTAMA,Pemerintah Kota Surakarta | Badan Kepegawaian dan Pengembangan Sumber Daya Manusia | Bidang Mutasi dan Promosi,2,1,2785700,3572800,107
5130000,S-1 PSIKOLOGI,6803747d-9521-4061-b6f4-490149f5289a,Pemerintah Kota Surakarta,CPNS,UMUM,KONSELOR SDM,Pemerintah Kota Surakarta | Badan Penanggulangan Bencana Daerah | Seksi Rehabilitasi dan Rekonstruksi,1,1,2785700,3572800,56
5130000,S-1 PSIKOLOGI,9afaecf2-bfca-4e5f-a038-53c89225b514,Pemerintah Kota Surakarta,CPNS,UMUM,PENATA KELOLA PEMBERDAYAAN PEREMPUAN DAN PERLINDUNGAN ANAK,Pemerintah Kota Surakarta | Dinas Pemberdayaan Perempuan dan Pelindungan Anak serta Pengendalian Penduduk dan Keluarga Berencana | Bidang Pemenuhan Hak Anak dan Pelindungan Khusus Anak,2,1,2785700,3572800,195
5130000,S-1 PSIKOLOGI,ae0db4e5-440a-4222-ba3d-2c2020daa8de,Pemerintah Kota Surakarta,CPNS,UMUM,PENATA KELOLA PEMBERDAYAAN PEREMPUAN DAN PERLINDUNGAN ANAK,Pemerintah Kota Surakarta | Dinas Pemberdayaan Perempuan dan Pelindungan Anak serta Pengendalian Penduduk dan Keluarga Berencana | Bidang Kualitas Hidup dan Pelindungan Perempuan,1,1,2785700,3572800,35
5130000,S-1 PSIKOLOGI,69c4ae86-e356-4bb6-9488-b8fb3789166d,Pemerintah Kota Surakarta,CPNS,UMUM,PENGANTAR KERJA AHLI PERTAMA,Pemerintah Kota Surakarta | Dinas Tenaga Kerja | Bidang Perencanaan dan Produktivitas Tenaga Kerja,1,1,2785700,3572800,80
5100717,S-1 REKAYASA PERANGKAT LUNAK,8a0384c7915b4c4c01915b9734d02ddb,Pemerintah Kota Surakarta,CPNS,PENYANDANG DISABILITAS,PRANATA KOMPUTER AHLI PERTAMA,"Pemerintah Kota Surakarta | Dinas Komunikasi, Informatika, Statistik dan Persandian | Bidang Teknologi dan Informatika",1,1,2785700,3572800,1
5100717,S-1 REKAYASA PERANGKAT LUNAK,0595f6a6-d441-41b6-bb35-9d8406d92ebb,Pemerintah Kota Surakarta,CPNS,UMUM,PRANATA KOMPUTER AHLI PERTAMA,Pemerintah Kota Surakarta | Dinas Perhubungan | Sekretariat Dinas Perhubungan,2,1,2785700,3572800,76
5100717,S-1 REKAYASA PERANGKAT LUNAK,17a504f2-a820-4477-8e4a-41f71db070f0,Pemerintah Kota Surakarta,CPNS,UMUM,PRANATA KOMPUTER AHLI PERTAMA,"Pemerintah Kota Surakarta | Dinas Komunikasi, Informatika, Statistik dan Persandian | Bidang Teknologi dan Informatika",1,1,2785700,3572800,8
5100717,S-1 REKAYASA PERANGKAT LUNAK,4d415505-5212-469d-8eb5-6959f3d3aa99,Pemerintah Kota Surakarta,CPNS,UMUM,PRANATA KOMPUTER AHLI PERTAMA,Pemerintah Kota Surakarta | Dinas Kependudukan dan Pencatatan Sipil | Bidang Pengelolaan Informasi Administrasi Kependudukan dan Pemanfaatan Data,1,1,2785700,3572800,29
5100717,S-1 REKAYASA PERANGKAT LUNAK,b8095a63-aa85-4ddd-aa9b-d98b77de8e9c,Pemerintah Kota Surakarta,CPNS,UMUM,PRANATA KOMPUTER AHLI PERTAMA,"Pemerintah Kota Surakarta | Dinas Komunikasi, Informatika, Statistik dan Persandian | Bidang Penyelenggaraan E-Government",1,1,2785700,3572800,9
5100112,S-1 SISTEM DAN TEKNOLOGI INFORMASI,8a0384c7915b4c4c01915b9734d02ddb,Pemerintah Kota Surakarta,CPNS,PENYANDANG DISABILITAS,PRANATA KOMPUTER AHLI PERTAMA,"Pemerintah Kota Surakarta | Dinas Komunikasi, Informatika, Statistik dan Persandian | Bidang Teknologi dan Informatika",1,1,2785700,3572800,1
5100112,S-1 SISTEM DAN TEKNOLOGI INFORMASI,17a504f2-a820-4477-8e4a-41f71db070f0,Pemerintah Kota Surakarta,CPNS,UMUM,PRANATA KOMPUTER AHLI PERTAMA,"Pemerintah Kota Surakarta | Dinas Komunikasi, Informatika, Statistik dan Persandian | Bidang Teknologi dan Informatika",1,1,2785700,3572800,8
5151001,S-1 STATISTIKA,c09dfae9-5eba-4bd6-915b-5ef4faa0b2a4,Pemerintah Kota Surakarta,CPNS,UMUM,STATISTISI AHLI PERTAMA,"Pemerintah Kota Surakarta | Dinas Komunikasi, Informatika, Statistik dan Persandian | Bidang Statistik",2,1,2785700,3572800,123
5210395,S-1 STUDI KEBIJAKAN PUBLIK,094a26db-ef97-4699-a879-7eda89de4861,Pemerintah Kota Surakarta,CPNS,UMUM,ANALIS SUMBER DAYA MANUSIA APARATUR AHLI PERTAMA,Pemerintah Kota Surakarta | Dinas Koperasi Usaha Kecil dan Menengah dan Perindustrian | Sekretariat Dinas Koperasi Usaha Kecil dan Menengah dan Perindustrian,1,1,2785700,3572800,15
5210395,S-1 STUDI KEBIJAKAN PUBLIK,1adc4a2e-ff29-49ca-9dc0-ed23dc4f7975,Pemerintah Kota Surakarta,CPNS,UMUM,ANALIS SUMBER DAYA MANUSIA APARATUR AHLI PERTAMA,Pemerintah Kota Surakarta | Dinas Ketahanan Pangan dan Pertanian | Sekretariat Dinas Ketahanan Pangan dan Pertanian,1,1,2785700,3572800,10
5210395,S-1 STUDI KEBIJAKAN PUBLIK,223fc547-7b8d-496e-97be-a8b3eb60a724,Pemerintah Kota Surakarta,CPNS,UMUM,ANALIS SUMBER DAYA MANUSIA APARATUR AHLI PERTAMA,"Pemerintah Kota Surakarta | Dinas Perumahan, dan Kawasan Permukiman serta Pertanahan | Sekretariat Dinas Perumahan, dan Kawasan Permukiman serta Pertanahan",1,1,2785700,3572800,7
5210395,S-1 STUDI KEBIJAKAN PUBLIK,374c9310-60ff-4b76-af40-251df8de0729,Pemerintah Kota Surakarta,CPNS,UMUM,ANALIS SUMBER DAYA MANUSIA APARATUR AHLI PERTAMA,Pemerintah Kota Surakarta | Dinas Kepemudaan dan Olahraga | Sekretariat Dinas Kepemudaan dan Olahraga,1,1,2785700,3572800,9
5210395,S-1 STUDI KEBIJAKAN PUBLIK,3944b4d8-129b-4961-babf-e2d98b7ed8d1,Pemerintah Kota Surakarta,CPNS,UMUM,ANALIS SUMBER DAYA MANUSIA APARATUR AHLI PERTAMA,Pemerintah Kota Surakarta | Badan Kepegawaian dan Pengembangan Sumber Daya Manusia | Bidang Penilaian dan Evaluasi Kinerja Aparatur,1,1,2785700,3572800,7
5210395,S-1 STUDI KEBIJAKAN PUBLIK,4949b134-b33b-4718-89bb-ffcd597342df,Pemerintah Kota Surakarta,CPNS,UMUM,ANALIS SUMBER DAYA MANUSIA APARATUR AHLI PERTAMA,"Pemerintah Kota Surakarta | Dinas Komunikasi, Informatika, Statistik dan Persandian | Sekretariat Dinas Komunikasi, Informatika, Statistik dan Persandian",1,1,2785700,3572800,5
5210395,S-1 STUDI KEBIJAKAN PUBLIK,7331561f-bb04-4a8f-9f03-a009a108af91,Pemerintah Kota Surakarta,CPNS,UMUM,ANALIS SUMBER DAYA MANUSIA APARATUR AHLI PERTAMA,Pemerintah Kota Surakarta | Sekretariat Daerah | Asisten Administrasi Umum | Bagian Organisasi,2,1,2785700,3572800,93
5210395,S-1 STUDI KEBIJAKAN PUBLIK,ba3ffe48-3e58-4ab5-8826-c6e97fbe4e41,Pemerintah Kota Surakarta,CPNS,UMUM,ANALIS SUMBER DAYA MANUSIA APARATUR AHLI PERTAMA,Pemerintah Kota Surakarta | Dinas Pendidikan | Bidang Pengembangan Pendidikan,1,1,2785700,3572800,119
5210078,S-1 STUDI PEMERINTAHAN,04284421-b5d7-4675-aed9-04049bdabbc4,Pemerintah Kota Surakarta,CPNS,UMUM,ANALIS SUMBER DAYA MANUSIA APARATUR AHLI PERTAMA,Pemerintah Kota Surakarta | Dinas Penanaman Modal dan Pelayanan Terpadu Satu Pintu | Sekretariat Dinas Penanaman Modal dan Pelayanan Terpadu Satu Pintu,1,1,2785700,3572800,2
5210078,S-1 STUDI PEMERINTAHAN,094a26db-ef97-4699-a879-7eda89de4861,Pemerintah Kota Surakarta,CPNS,UMUM,ANALIS SUMBER DAYA MANUSIA APARATUR AHLI PERTAMA,Pemerintah Kota Surakarta | Dinas Koperasi Usaha Kecil dan Menengah dan Perindustrian | Sekretariat Dinas Koperasi Usaha Kecil dan Menengah dan Perindustrian,1,1,2785700,3572800,15
5210078,S-1 STUDI PEMERINTAHAN,1adc4a2e-ff29-49ca-9dc0-ed23dc4f7975,Pemerintah Kota Surakarta,CPNS,UMUM,ANALIS SUMBER DAYA MANUSIA APARATUR AHLI PERTAMA,Pemerintah Kota Surakarta | Dinas Ketahanan Pangan dan Pertanian | Sekretariat Dinas Ketahanan Pangan dan Pertanian,1,1,2785700,3572800,10
5210078,S-1 STUDI PEMERINTAHAN,223fc547-7b8d-496e-97be-a8b3eb60a724,Pemerintah Kota Surakarta,CPNS,UMUM,ANALIS SUMBER DAYA MANUSIA APARATUR AHLI PERTAMA,"Pemerintah Kota Surakarta | Dinas Perumahan, dan Kawasan Permukiman serta Pertanahan | Sekretariat Dinas Perumahan, dan Kawasan Permukiman serta Pertanahan",1,1,2785700,3572800,7
5210078,S-1 STUDI PEMERINTAHAN,251189e0-8e11-480e-88aa-5ba2c92b7c34,Pemerintah Kota Surakarta,CPNS,UMUM,ANALIS SUMBER DAYA MANUSIA APARATUR AHLI PERTAMA,Pemerintah Kota Surakarta | Badan Perencanaan Pembangunan Daerah | Sekretariat Badan Perencanaan Pembangunan Daerah,1,1,2785700,3572800,13
5210078,S-1 STUDI PEMERINTAHAN,374c9310-60ff-4b76-af40-251df8de0729,Pemerintah Kota Surakarta,CPNS,UMUM,ANALIS SUMBER DAYA MANUSIA APARATUR AHLI PERTAMA,Pemerintah Kota Surakarta | Dinas Kepemudaan dan Olahraga | Sekretariat Dinas Kepemudaan dan Olahraga,1,1,2785700,3572800,9
5210078,S-1 STUDI PEMERINTAHAN,3944b4d8-129b-4961-babf-e2d98b7ed8d1,Pemerintah Kota Surakarta,CPNS,UMUM,ANALIS SUMBER DAYA MANUSIA APARATUR AHLI PERTAMA,Pemerintah Kota Surakarta | Badan Kepegawaian dan Pengembangan Sumber Daya Manusia | Bidang Penilaian dan Evaluasi Kinerja Aparatur,1,1,2785700,3572800,7
5210078,S-1 STUDI PEMERINTAHAN,4949b134-b33b-4718-89bb-ffcd597342df,Pemerintah Kota Surakarta,CPNS,UMUM,ANALIS SUMBER DAYA MANUSIA APARATUR AHLI PERTAMA,"Pemerintah Kota Surakarta | Dinas Komunikasi, Informatika, Statistik dan Persandian | Sekretariat Dinas Komunikasi, Informatika, Statistik dan Persandian",1,1,2785700,3572800,5
5210078,S-1 STUDI PEMERINTAHAN,7331561f-bb04-4a8f-9f03-a009a108af91,Pemerintah Kota Surakarta,CPNS,UMUM,ANALIS SUMBER DAYA MANUSIA APARATUR AHLI PERTAMA,Pemerintah Kota Surakarta | Sekretariat Daerah | Asisten Administrasi Umum | Bagian Organisasi,2,1,2785700,3572800,93
5210078,S-1 STUDI PEMERINTAHAN,ba3ffe48-3e58-4ab5-8826-c6e97fbe4e41,Pemerintah Kota Surakarta,CPNS,UMUM,ANALIS SUMBER DAYA MANUSIA APARATUR AHLI PERTAMA,Pemerintah Kota Surakarta | Dinas Pendidikan | Bidang Pengembangan Pendidikan,1,1,2785700,3572800,119
5210078,S-1 STUDI PEMERINTAHAN,5ed35a3d-31b5-4f54-bfdd-81d3ba1f4312,Pemerintah Kota Surakarta,CPNS,UMUM,ASESOR SUMBER DAYA MANUSIA APARATUR AHLI PERTAMA,Pemerintah Kota Surakarta | Badan Kepegawaian dan Pengembangan Sumber Daya Manusia | Bidang Mutasi dan Promosi,2,1,2785700,3572800,107
5210078,S-1 STUDI PEMERINTAHAN,001c9f81-467a-4ea6-912b-1e6084cd25ac,Pemerintah Kota Surakarta,CPNS,UMUM,FASILITATOR PEMERINTAHAN,Pemerintah Kota Surakarta | Kecamatan Banjarsari | Kelurahan Banjarsari | Sekretariat Kelurahan Banjarsari,1,1,2785700,3572800,2
5210078,S-1 STUDI PEMERINTAHAN,04fd9cab-5839-45ea-a9a6-1c1381602e32,Pemerintah Kota Surakarta,CPNS,UMUM,FASILITATOR PEMERINTAHAN,Pemerintah Kota Surakarta | Kecamatan Jebres | Kelurahan Sewu | Sekretariat Kelurahan Sewu,1,1,2785700,3572800,3
5210078,S-1 STUDI PEMERINTAHAN,0d0f80db-05da-43e4-88b8-78cd40eb4b00,Pemerintah Kota Surakarta,CPNS,UMUM,FASILITATOR PEMERINTAHAN,Pemerintah Kota Surakarta | Kecamatan Jebres | Kelurahan Mojosongo | Sekretariat Kelurahan Mojosongo,1,1,2785700,3572800,2
5210078,S-1 STUDI PEMERINTAHAN,14fba508-00d8-4082-be96-f5af5b29ee58,Pemerintah Kota Surakarta,CPNS,UMUM,FASILITATOR PEMERINTAHAN,Pemerintah Kota Surakarta | Kecamatan Banjarsari | Kelurahan Mangkubumen | Sekretariat Kelurahan Mangkubumen,1,1,2785700,3572800,2
5210078,S-1 STUDI PEMERINTAHAN,1680180b-bb3a-4002-b57d-9bcb3928b081,Pemerintah Kota Surakarta,CPNS,UMUM,FASILITATOR PEMERINTAHAN,Pemerintah Kota Surakarta | Kecamatan Jebres | Kelurahan Sudiroprajan | Sekretariat Kelurahan Sudiroprajan,1,1,2785700,3572800,3
5210078,S-1 STUDI PEMERINTAHAN,17d0270e-ddea-4d37-9335-647532e73df2,Pemerintah Kota Surakarta,CPNS,UMUM,FASILITATOR PEMERINTAHAN,Pemerintah Kota Surakarta | Kecamatan Banjarsari | Kelurahan Punggawan | Sekretariat Kelurahan Punggawan,1,1,2785700,3572800,3
5210078,S-1 STUDI PEMERINTAHAN,22c8231d-804e-4a68-8d5a-6e15f846a2dd,Pemerintah Kota Surakarta,CPNS,UMUM,FASILITATOR PEMERINTAHAN,Pemerintah Kota Surakarta | Kecamatan Serengan | Kelurahan Kemlayan | Sekretariat Kelurahan Kemlayan,1,1,2785700,3572800,3
5210078,S-1 STUDI PEMERINTAHAN,249a009a-5a92-47b8-b925-36ef36f41c61,Pemerintah Kota Surakarta,CPNS,UMUM,FASILITATOR PEMERINTAHAN,Pemerintah Kota Surakarta | Kecamatan Jebres | Kelurahan Jagalan | Sekretariat Kelurahan Jagalan,1,1,2785700,3572800,3
5210078,S-1 STUDI PEMERINTAHAN,2cceef12-b9e4-460e-928f-093626dc579b,Pemerintah Kota Surakarta,CPNS,UMUM,FASILITATOR PEMERINTAHAN,Pemerintah Kota Surakarta | Kecamatan Banjarsari | Kelurahan Banyuanyar | Sekretariat Kelurahan Banyuanyar,1,1,2785700,3572800,4
5210078,S-1 STUDI PEMERINTAHAN,2d2de932-cba9-458d-ac51-b40a3edd583c,Pemerintah Kota Surakarta,CPNS,UMUM,FASILITATOR PEMERINTAHAN,Pemerintah Kota Surakarta | Kecamatan Pasarkliwon | Kelurahan Mojo | Sekretariat Kelurahan Mojo,1,1,2785700,3572800,2
5210078,S-1 STUDI PEMERINTAHAN,399cb7a1-159c-4395-95de-07849bdf9b7b,Pemerintah Kota Surakarta,CPNS,UMUM,FASILITATOR PEMERINTAHAN,Pemerintah Kota Surakarta | Kecamatan Laweyan | Kelurahan Karangasem | Sekretariat Kelurahan Karangasem,1,1,2785700,3572800,2
5210078,S-1 STUDI PEMERINTAHAN,4a4ac4d8-be3f-454d-bb34-ba2e22365df1,Pemerintah Kota Surakarta,CPNS,UMUM,FASILITATOR PEMERINTAHAN,Pemerintah Kota Surakarta | Kecamatan Banjarsari | Kelurahan Gilingan | Sekretariat Kelurahan Gilingan,1,1,2785700,3572800,1
5210078,S-1 STUDI PEMERINTAHAN,4ee66cf7-5df9-4f5b-839e-0e00d54a3d4f,Pemerintah Kota Surakarta,CPNS,UMUM,FASILITATOR PEMERINTAHAN,Pemerintah Kota Surakarta | Kecamatan Banjarsari | Kelurahan Manahan | Sekretariat Kelurahan Manahan,1,1,2785700,3572800,3
5210078,S-1 STUDI PEMERINTAHAN,4f9273e3-9b61-4c7e-95f6-1ff15f098fba,Pemerintah Kota Surakarta,CPNS,UMUM,FASILITATOR PEMERINTAHAN,Pemerintah Kota Surakarta | Kecamatan Serengan | Kelurahan Kratonan | Sekretariat Kelurahan Kratonan,1,1,2785700,3572800,1
5210078,S-1 STUDI PEMERINTAHAN,52ea94ac-63b2-4b06-bbdd-6d4a2c2a1b83,Pemerintah Kota Surakarta,CPNS,UMUM,FASILITATOR PEMERINTAHAN,Pemerintah Kota Surakarta | Kecamatan Jebres | Kelurahan Kepatihan Kulon | Sekretariat Kelurahan Kepatihan Kulon,1,1,2785700,3572800,3
5210078,S-1 STUDI PEMERINTAHAN,5502c69f-e137-4258-aa41-e089fb8ad718,Pemerintah Kota Surakarta,CPNS,UMUM,FASILITATOR PEMERINTAHAN,Pemerintah Kota Surakarta | Kecamatan Pasarkliwon | Kelurahan Kampung Baru | Sekretariat Kelurahan Kampung Baru,1,1,2785700,3572800,2
5210078,S-1 STUDI PEMERINTAHAN,607f8221-dcd4-4aef-84c1-2c65f7662ab5,Pemerintah Kota Surakarta,CPNS,UMUM,FASILITATOR PEMERINTAHAN,Pemerintah Kota Surakarta | Kecamatan Serengan | Kelurahan Jayengan | Sekretariat Kelurahan Jayengan,1,1,2785700,3572800,2
5210078,S-1 STUDI PEMERINTAHAN,623d95a3-0fbe-449f-b205-2145495ccc55,Pemerintah Kota Surakarta,CPNS,UMUM,FASILITATOR PEMERINTAHAN,Pemerintah Kota Surakarta | Kecamatan Banjarsari | Kelurahan Timuran | Sekretariat Kelurahan Timuran,1,1,2785700,3572800,4
5210078,S-1 STUDI PEMERINTAHAN,648fd780-0d26-4045-a7da-129fb5036c9c,Pemerintah Kota Surakarta,CPNS,UMUM,FASILITATOR PEMERINTAHAN,Pemerintah Kota Surakarta | Kecamatan Jebres | Kelurahan Tegalharjo | Sekretariat Kelurahan Tegalharjo,1,1,2785700,3572800,3
5210078,S-1 STUDI PEMERINTAHAN,6a8f42b8-9025-434b-bf5c-4aa4b9b0bbd6,Pemerintah Kota Surakarta,CPNS,UMUM,FASILITATOR PEMERINTAHAN,Pemerintah Kota Surakarta | Kecamatan Serengan | Kelurahan Danukusuman | Sekretariat Kelurahan Danukusuman,1,1,2785700,3572800,2
5210078,S-1 STUDI PEMERINTAHAN,6b585cef-ea49-415c-a6b6-3fea3a73d133,Pemerintah Kota Surakarta,CPNS,UMUM,FASILITATOR PEMERINTAHAN,Pemerintah Kota Surakarta | Kecamatan Banjarsari | Kelurahan Nusukan | Sekretariat Kelurahan Nusukan,1,1,2785700,3572800,1
5210078,S-1 STUDI PEMERINTAHAN,6e7fcf6a-f000-404f-8c35-199e5b1d0baa,Pemerintah Kota Surakarta,CPNS,UMUM,FASILITATOR PEMERINTAHAN,Pemerintah Kota Surakarta | Kecamatan Banjarsari | Kelurahan Joglo | Sekretariat Kelurahan Joglo,1,1,2785700,3572800,5
5210078,S-1 STUDI PEMERINTAHAN,6eaee542-b30e-49c6-aade-1a46f8857d86,Pemerintah Kota Surakarta,CPNS,UMUM,FASILITATOR PEMERINTAHAN,Pemerintah Kota Surakarta | Kecamatan Serengan | Kelurahan Joyotakan | Sekretariat Kelurahan Joyotakan,1,1,2785700,3572800,4
5210078,S-1 STUDI PEMERINTAHAN,7a85707f-d318-4a78-aaf1-aa87c128d10d,Pemerintah Kota Surakarta,CPNS,UMUM,FASILITATOR PEMERINTAHAN,Pemerintah Kota Surakarta | Kecamatan Laweyan | Kelurahan Purwosari | Sekretariat Kelurahan Purwosari,1,1,2785700,3572800,2
5210078,S-1 STUDI PEMERINTAHAN,7e900ec1-a84f-44f7-899c-53361053ca4d,Pemerintah Kota Surakarta,CPNS,UMUM,FASILITATOR PEMERINTAHAN,Pemerintah Kota Surakarta | Kecamatan Laweyan | Kelurahan Laweyan | Sekretariat Kelurahan Laweyan,1,1,2785700,3572800,3
5210078,S-1 STUDI PEMERINTAHAN,84947fc7-17d3-42ff-bbdc-728dac260baa,Pemerintah Kota Surakarta,CPNS,UMUM,FASILITATOR PEMERINTAHAN,Pemerintah Kota Surakarta | Kecamatan Serengan | Kelurahan Serengan | Sekretariat Kelurahan Serengan,1,1,2785700,3572800,1
5210078,S-1 STUDI PEMERINTAHAN,8844bfc4-ef8e-4b86-a914-543f67bef177,Pemerintah Kota Surakarta,CPNS,UMUM,FASILITATOR PEMERINTAHAN,Pemerintah Kota Surakarta | Kecamatan Jebres | Kelurahan Purwodiningratan | Sekretariat Kelurahan Purwodiningratan,1,1,2785700,3572800,2
5210078,S-1 STUDI PEMERINTAHAN,8cf7a7a6-bdc5-4f32-86f8-92f655381803,Pemerintah Kota Surakarta,CPNS,UMUM,FASILITATOR PEMERINTAHAN,Pemerintah Kota Surakarta | Kecamatan Pasarkliwon | Kelurahan Semanggi | Sekretariat Kelurahan Semanggi,1,1,2785700,3572800,1
5210078,S-1 STUDI PEMERINTAHAN,8d06ea25-b0a1-46ac-9294-8b8b4c84debb,Pemerintah Kota Surakarta,CPNS,UMUM,FASILITATOR PEMERINTAHAN,Pemerintah Kota Surakarta | Kecamatan Banjarsari | Kelurahan Kadipiro | Sekretariat Kelurahan Kadipiro,1,1,2785700,3572800,1
5210078,S-1 STUDI PEMERINTAHAN,9424eea9-6b64-46b2-bbed-f4c7410cbfb8,Pemerintah Kota Surakarta,CPNS,UMUM,FASILITATOR PEMERINTAHAN,Pemerintah Kota Surakarta | Kecamatan Pasarkliwon | Kelurahan Joyosuran | Sekretariat Kelurahan Joyosuran,1,1,2785700,3572800,1
5210078,S-1 STUDI PEMERINTAHAN,94a02d5f-4e61-45a4-8059-da17b0e1393a,Pemerintah Kota Surakarta,CPNS,UMUM,FASILITATOR PEMERINTAHAN,Pemerintah Kota Surakarta | Kecamatan Pasarkliwon | Kelurahan Sangkrah | Sekretariat Kelurahan Sangkrah,1,1,2785700,3572800,1
5210078,S-1 STUDI PEMERINTAHAN,985ae2f0-343b-435a-9ab4-35cd7a8960dc,Pemerintah Kota Surakarta,CPNS,UMUM,FASILITATOR PEMERINTAHAN,Pemerintah Kota Surakarta | Kecamatan Laweyan | Kelurahan Panularan | Sekretariat Kelurahan Panularan,1,1,2785700,3572800,2
5210078,S-1 STUDI PEMERINTAHAN,a5ab0117-1ec5-42b8-83ba-f7148bb51a07,Pemerintah Kota Surakarta,CPNS,UMUM,FASILITATOR PEMERINTAHAN,Pemerintah Kota Surakarta | Kecamatan Pasarkliwon | Kelurahan Pasarkliwon | Sekretariat Kelurahan Pasar Kliwon,1,1,2785700,3572800,2
5210078,S-1 STUDI PEMERINTAHAN,a6b7187f-b30c-419d-b96d-e399fae9964c,Pemerintah Kota Surakarta,CPNS,UMUM,FASILITATOR PEMERINTAHAN,Pemerintah Kota Surakarta | Kecamatan Jebres | Kelurahan Pucangsawit | Sekretariat Kelurahan Pucangsawit,1,1,2785700,3572800,3
5210078,S-1 STUDI PEMERINTAHAN,ab530784-042b-4fc7-82b6-a823daea6bf2,Pemerintah Kota Surakarta,CPNS,UMUM,FASILITATOR PEMERINTAHAN,Pemerintah Kota Surakarta | Kecamatan Jebres | Kelurahan Gandekan | Sekretariat Kelurahan Gandekan,1,1,2785700,3572800,1
5210078,S-1 STUDI PEMERINTAHAN,ba6ca2ae-39bb-4bef-8479-3a4ea93a58db,Pemerintah Kota Surakarta,CPNS,UMUM,FASILITATOR PEMERINTAHAN,Pemerintah Kota Surakarta | Kecamatan Banjarsari | Kelurahan Ketelan | Sekretariat Kelurahan Ketelan,1,1,2785700,3572800,3
5210078,S-1 STUDI PEMERINTAHAN,c0b09662-73ac-4826-a35e-718b058840ec,Pemerintah Kota Surakarta,CPNS,UMUM,FASILITATOR PEMERINTAHAN,Pemerintah Kota Surakarta | Kecamatan Jebres | Kelurahan Jebres | Sekretariat Kelurahan Jebres,1,1,2785700,3572800,1
5210078,S-1 STUDI PEMERINTAHAN,c3f830bc-fdde-401f-b580-53e2c8fd34d8,Pemerintah Kota Surakarta,CPNS,UMUM,FASILITATOR PEMERINTAHAN,Pemerintah Kota Surakarta | Kecamatan Pasarkliwon | Kelurahan Gajahan | Sekretariat Kelurahan Gajahan,1,1,2785700,3572800,2
5210078,S-1 STUDI PEMERINTAHAN,c6449bf9-89c5-4d49-bf27-a3e98cd1f1a6,Pemerintah Kota Surakarta,CPNS,UMUM,FASILITATOR PEMERINTAHAN,Pemerintah Kota Surakarta | Kecamatan Banjarsari | Kelurahan Sumber | Sekretariat Kelurahan Sumber,1,1,2785700,3572800,3
5210078,S-1 STUDI PEMERINTAHAN,d0ba14b4-9e96-44c2-8539-c6077f7d7687,Pemerintah Kota Surakarta,CPNS,UMUM,FASILITATOR PEMERINTAHAN,Pemerintah Kota Surakarta | Kecamatan Jebres | Kelurahan Kepatihan Wetan | Sekretariat Kelurahan Kepatihan Wetan,1,1,2785700,3572800,3
5210078,S-1 STUDI PEMERINTAHAN,d4ed3382-4cec-41e9-b302-6b302d6d2e7c,Pemerintah Kota Surakarta,CPNS,UMUM,FASILITATOR PEMERINTAHAN,Pemerintah Kota Surakarta | Kecamatan Laweyan | Kelurahan Jajar | Sekretariat Kelurahan Jajar,1,1,2785700,3572800,1
5210078,S-1 STUDI PEMERINTAHAN,d53b469b-25ac-4bc5-a9d4-6fc61d7a3619,Pemerintah Kota Surakarta,CPNS,UMUM,FASILITATOR PEMERINTAHAN,Pemerintah Kota Surakarta | Kecamatan Banjarsari | Kelurahan Kestalan | Sekretariat Kelurahan Kestalan,1,1,2785700,3572800,1
5210078,S-1 STUDI PEMERINTAHAN,d9cd7fb0-f860-4b1b-ac97-f750660184fb,Pemerintah Kota Surakarta,CPNS,UMUM,FASILITATOR PEMERINTAHAN,Pemerintah Kota Surakarta | Kecamatan Laweyan | Kelurahan Sriwedari | Sekretariat Kelurahan Sriwedari,1,1,2785700,3572800,2
5210078,S-1 STUDI PEMERINTAHAN,e2133faa-0d63-454b-a225-c79c10b22975,Pemerintah Kota Surakarta,CPNS,UMUM,FASILITATOR PEMERINTAHAN,Pemerintah Kota Surakarta | Kecamatan Banjarsari | Kelurahan Keprabon | Sekretariat Kelurahan Keprabon,1,1,2785700,3572800,2
5210078,S-1 STUDI PEMERINTAHAN,e6ff9cf9-1f13-4564-b9a1-db30861945b8,Pemerintah Kota Surakarta,CPNS,UMUM,FASILITATOR PEMERINTAHAN,Pemerintah Kota Surakarta | Kecamatan Pasarkliwon | Kelurahan Kauman | Sekretariat Kelurahan Kauman,1,1,2785700,3572800,1
5210078,S-1 STUDI PEMERINTAHAN,ea86a4d2-3f6e-475d-8e6d-2490cefed23b,Pemerintah Kota Surakarta,CPNS,UMUM,FASILITATOR PEMERINTAHAN,Pemerintah Kota Surakarta | Kecamatan Laweyan | Kelurahan Pajang | Sekretariat Kelurahan Pajang,1,1,2785700,3572800,3
5210078,S-1 STUDI PEMERINTAHAN,ec54a702-229b-42c1-a625-afc11a67630a,Pemerintah Kota Surakarta,CPNS,UMUM,FASILITATOR PEMERINTAHAN,Pemerintah Kota Surakarta | Kecamatan Laweyan | Kelurahan Bumi | Sekretariat Kelurahan Bumi,1,1,2785700,3572800,3
5210078,S-1 STUDI PEMERINTAHAN,eeb2c850-a592-4790-b543-f67a8112e06a,Pemerintah Kota Surakarta,CPNS,UMUM,FASILITATOR PEMERINTAHAN,Pemerintah Kota Surakarta | Kecamatan Banjarsari | Kelurahan Setabelan | Sekretariat Kelurahan Setabelan,1,1,2785700,3572800,1
5210078,S-1 STUDI PEMERINTAHAN,ef4a7e98-0f3b-4854-96e4-1fc6f0020c31,Pemerintah Kota Surakarta,CPNS,UMUM,FASILITATOR PEMERINTAHAN,Pemerintah Kota Surakarta | Kecamatan Laweyan | Kelurahan Kerten | Sekretariat Kelurahan Kerten,1,1,2785700,3572800,2
5210078,S-1 STUDI PEMERINTAHAN,f8855d39-0adf-4563-880b-5632fcdcb618,Pemerintah Kota Surakarta,CPNS,UMUM,FASILITATOR PEMERINTAHAN,Pemerintah Kota Surakarta | Kecamatan Laweyan | Kelurahan Penumping | Sekretariat Kelurahan Penumping,1,1,2785700,3572800,5
5210078,S-1 STUDI PEMERINTAHAN,fae77aca-f822-4400-92c9-d24351424adc,Pemerintah Kota Surakarta,CPNS,UMUM,FASILITATOR PEMERINTAHAN,Pemerintah Kota Surakarta | Kecamatan Laweyan | Kelurahan Sondakan | Sekretariat Kelurahan Sondakan,1,1,2785700,3572800,3
5210078,S-1 STUDI PEMERINTAHAN,fd9630e5-f890-4512-a785-a17f7f064b7e,Pemerintah Kota Surakarta,CPNS,UMUM,FASILITATOR PEMERINTAHAN,Pemerintah Kota Surakarta | Kecamatan Pasarkliwon | Kelurahan Kedung Lumbu | Sekretariat Kelurahan Kedung Lumbu,1,1,2785700,3572800,1
5210078,S-1 STUDI PEMERINTAHAN,242a6512-d39e-42ec-a083-210c8abd1145,Pemerintah Kota Surakarta,CPNS,UMUM,PRANATA KEWILAYAHAN,Pemerintah Kota Surakarta | Kecamatan Laweyan | Seksi Pembangunan,1,1,2785700,3572800,5
5210078,S-1 STUDI PEMERINTAHAN,26d6cc33-ee7d-4327-bf16-ceb76b11fa64,Pemerintah Kota Surakarta,CPNS,UMUM,PRANATA KEWILAYAHAN,Pemerintah Kota Surakarta | Kecamatan Banjarsari | Seksi Pembangunan,1,1,2785700,3572800,3
5210078,S-1 STUDI PEMERINTAHAN,26eedd17-b62f-4709-8b16-59fbf89de4c0,Pemerintah Kota Surakarta,CPNS,UMUM,PRANATA KEWILAYAHAN,Pemerintah Kota Surakarta | Kecamatan Jebres | Seksi Pembangunan,1,1,2785700,3572800,2
5210078,S-1 STUDI PEMERINTAHAN,4e4d2d1b-5b10-4286-ac87-33d71c8cc867,Pemerintah Kota Surakarta,CPNS,UMUM,PRANATA KEWILAYAHAN,Pemerintah Kota Surakarta | Kecamatan Pasarkliwon | Seksi Pembangunan,1,1,2785700,3572800,1
5210078,S-1 STUDI PEMERINTAHAN,57738a42-69aa-4e2e-b885-a703af0b2be7,Pemerintah Kota Surakarta,CPNS,UMUM,PRANATA KEWILAYAHAN,Pemerintah Kota Surakarta | Kecamatan Serengan | Seksi Pembangunan,1,1,2785700,3572800,2
5191063,S-1 TEKNIK ELEKTRO,3d2315e3-f10c-4120-b37f-cc07a0581a19,Pemerintah Kota Surakarta,CPNS,UMUM,ANALIS KEBAKARAN AHLI PERTAMA,"Pemerintah Kota Surakarta | Dinas Pemadam Kebakaran | Bidang Penyelamatan dan Penanganan Kebakaran, dan Pertolongan Korban",3,1,2785700,3572800,201
5109791,S-1 TEKNIK INDUSTRI,127aceb6-ec63-4606-8b40-bcb0ef11c946,Pemerintah Kota Surakarta,CPNS,UMUM,ANALIS PEMANFAATAN ILMU PENGETAHUAN DAN TEKNOLOGI AHLI PERTAMA,Pemerintah Kota Surakarta | Badan Riset dan Inovasi Daerah | Bidang Inovasi,1,1,2785700,3572800,82
5109791,S-1 TEKNIK INDUSTRI,318cff07-aa35-48b6-836d-989fa580cc8a,Pemerintah Kota Surakarta,CPNS,UMUM,PENERA AHLI PERTAMA,Pemerintah Kota Surakarta | Dinas Perdagangan | UPTD Metrologi Legal,2,1,2785700,3572800,251
5101346,S-1 TEKNIK KOMPUTER,468e0277-f0c5-4950-bd53-a434ee517e7c,Pemerintah Kota Surakarta,CPNS,UMUM,PENATA KELOLA SISTEM DAN TEKNOLOGI INFORMASI,"Pemerintah Kota Surakarta | Badan Perencanaan Pembangunan Daerah | Bidang Perencanaan, Pengendalian dan Evaluasi Pembangunan Daerah",1,1,2785700,3572800,36
5101346,S-1 TEKNIK KOMPUTER,699e5373-c472-4eba-bfd9-55d0888f6fa0,Pemerintah Kota Surakarta,CPNS,UMUM,PENATA KELOLA SISTEM DAN TEKNOLOGI INFORMASI,"Pemerintah Kota Surakarta | Badan Kesatuan Bangsa dan Politik | Sekretariat Badan Kesatuan Bangsa dan Politik | Subbagian Administrasi, Kepegawaian dan Organisasi",1,1,2785700,3572800,45
5101346,S-1 TEKNIK KOMPUTER,8dd0e97a-3f47-4c25-8f4e-347e8e187c69,Pemerintah Kota Surakarta,CPNS,UMUM,PENATA KELOLA SISTEM DAN TEKNOLOGI INFORMASI,"Pemerintah Kota Surakarta | Dinas Komunikasi, Informatika, Statistik dan Persandian | Bidang Teknologi dan Informatika",1,1,2785700,3572800,49
5101346,S-1 TEKNIK KOMPUTER,af5d5ab6-86f6-4585-9540-b9bae3a4517a,Pemerintah Kota Surakarta,CPNS,UMUM,PENATA KELOLA SISTEM DAN TEKNOLOGI INFORMASI,Pemerintah Kota Surakarta | Badan Kesatuan Bangsa dan Politik | Bidang Kesatuan Bangsa,1,1,2785700,3572800,24
5101346,S-1 TEKNIK KOMPUTER,ca203a46-b8a6-4dfd-8402-95b55ded51ad,Pemerintah Kota Surakarta,CPNS,UMUM,PENATA KELOLA SISTEM DAN TEKNOLOGI INFORMASI,Pemerintah Kota Surakarta | Badan Pendapatan Daerah | Bidang Pendataan | Subbidang Pengembangan Potensi Pendapatan,1,1,2785700,3572800,27
5101346,S-1 TEKNIK KOMPUTER,ee8819a1-8d8d-4624-862b-c63703ed2803,Pemerintah Kota Surakarta,CPNS,UMUM,PENATA KELOLA SISTEM DAN TEKNOLOGI INFORMASI,Pemerintah Kota Surakarta | Badan Pendapatan Daerah | Bidang Penetapan | Subbidang Dokumentasi Pelaporan,1,1,2785700,3572800,31
5101346,S-1 TEKNIK KOMPUTER,8a0384c7915b4c4c01915b9734d02ddb,Pemerintah Kota Surakarta,CPNS,PENYANDANG DISABILITAS,PRANATA KOMPUTER AHLI PERTAMA,"Pemerintah Kota Surakarta | Dinas Komunikasi, Informatika, Statistik dan Persandian | Bidang Teknologi dan Informatika",1,1,2785700,3572800,1
5101346,S-1 TEKNIK KOMPUTER,0595f6a6-d441-41b6-bb35-9d8406d92ebb,Pemerintah Kota Surakarta,CPNS,UMUM,PRANATA KOMPUTER AHLI PERTAMA,Pemerintah Kota Surakarta | Dinas Perhubungan | Sekretariat Dinas Perhubungan,2,1,2785700,3572800,76
5101346,S-1 TEKNIK KOMPUTER,096b4581-2716-4c0f-9c60-dddba0b4262f,Pemerintah Kota Surakarta,CPNS,UMUM,PRANATA KOMPUTER AHLI PERTAMA,"Pemerintah Kota Surakarta | Badan Kepegawaian dan Pengembangan Sumber Daya Manusia | Bidang Pengadaan, Pemberhentian, dan Informasi Kepegawaian",1,1,2785700,3572800,13
5101346,S-1 TEKNIK KOMPUTER,17a504f2-a820-4477-8e4a-41f71db070f0,Pemerintah Kota Surakarta,CPNS,UMUM,PRANATA KOMPUTER AHLI PERTAMA,"Pemerintah Kota Surakarta | Dinas Komunikasi, Informatika, Statistik dan Persandian | Bidang Teknologi dan Informatika",1,1,2785700,3572800,8
5101346,S-1 TEKNIK KOMPUTER,4d415505-5212-469d-8eb5-6959f3d3aa99,Pemerintah Kota Surakarta,CPNS,UMUM,PRANATA KOMPUTER AHLI PERTAMA,Pemerintah Kota Surakarta | Dinas Kependudukan dan Pencatatan Sipil | Bidang Pengelolaan Informasi Administrasi Kependudukan dan Pemanfaatan Data,1,1,2785700,3572800,29
5101346,S-1 TEKNIK KOMPUTER,ad277a3e-4c07-44f2-9feb-2cab658a81bb,Pemerintah Kota Surakarta,CPNS,UMUM,PRANATA KOMPUTER AHLI PERTAMA,Pemerintah Kota Surakarta | Sekretariat Daerah | Asisten Perekonomian dan Pembangunan | Bagian Administrasi Pembangunan,1,1,2785700,3572800,56
5101346,S-1 TEKNIK KOMPUTER,b8095a63-aa85-4ddd-aa9b-d98b77de8e9c,Pemerintah Kota Surakarta,CPNS,UMUM,PRANATA KOMPUTER AHLI PERTAMA,"Pemerintah Kota Surakarta | Dinas Komunikasi, Informatika, Statistik dan Persandian | Bidang Penyelenggaraan E-Government",1,1,2785700,3572800,9
5109785,S-1 TEKNIK LINGKUNGAN,214b8a0c-4924-44b7-8b3d-a3af5d287377,Pemerintah Kota Surakarta,CPNS,UMUM,PENGENDALI DAMPAK LINGKUNGAN AHLI PERTAMA,Pemerintah Kota Surakarta | Dinas Lingkungan Hidup | Bidang Pengelolaan Sampah dan Limbah B3,2,1,2785700,3572800,88
5109785,S-1 TEKNIK LINGKUNGAN,28e68571-9b8a-44f5-9f40-854fe696dcac,Pemerintah Kota Surakarta,CPNS,UMUM,PENGENDALI DAMPAK LINGKUNGAN AHLI PERTAMA,"Pemerintah Kota Surakarta | Dinas Lingkungan Hidup | Bidang Penataan, Pengendalian dan Pengelolaan Lingkungan",2,1,2785700,3572800,97
5109785,S-1 TEKNIK LINGKUNGAN,48491249-0a84-48ce-9fd5-eb8b712cd0c3,Pemerintah Kota Surakarta,CPNS,UMUM,PENGENDALI DAMPAK LINGKUNGAN AHLI PERTAMA,Pemerintah Kota Surakarta | Dinas Lingkungan Hidup | Bidang Tata Kelola Lingkungan,2,1,2785700,3572800,69
5109785,S-1 TEKNIK LINGKUNGAN,38f640bd-9bee-4a17-933a-33770da761e9,Pemerintah Kota Surakarta,CPNS,UMUM,PENYULUH LINGKUNGAN HIDUP AHLI PERTAMA,Pemerintah Kota Surakarta | Dinas Lingkungan Hidup | Bidang Pengelolaan Sampah dan Limbah B3,1,1,2785700,3572800,11
5109785,S-1 TEKNIK LINGKUNGAN,652f1c5a-9b3a-4288-bc1e-26c870658000,Pemerintah Kota Surakarta,CPNS,UMUM,PENYULUH LINGKUNGAN HIDUP AHLI PERTAMA,"Pemerintah Kota Surakarta | Dinas Lingkungan Hidup | Bidang Penataan, Pengendalian dan Pengelolaan Lingkungan",2,1,2785700,3572800,71
5109100,S-1 TEKNIK SIPIL,3d2315e3-f10c-4120-b37f-cc07a0581a19,Pemerintah Kota Surakarta,CPNS,UMUM,ANALIS KEBAKARAN AHLI PERTAMA,"Pemerintah Kota Surakarta | Dinas Pemadam Kebakaran | Bidang Penyelamatan dan Penanganan Kebakaran, dan Pertolongan Korban",3,1,2785700,3572800,201
5109100,S-1 TEKNIK SIPIL,880986fe-e0d8-4e53-b198-e34a504489af,Pemerintah Kota Surakarta,CPNS,UMUM,PENATA RUANG AHLI PERTAMA,"Pemerintah Kota Surakarta | Dinas Perumahan, dan Kawasan Permukiman serta Pertanahan | Bidang Pertanahan",1,1,2785700,3572800,14
5109100,S-1 TEKNIK SIPIL,4b76b699-6431-4763-9f9c-c625c4f354e7,Pemerintah Kota Surakarta,CPNS,UMUM,PENGAWAS PENYELENGGARAAN URUSAN PEMERINTAHAN DAERAH AHLI PERTAMA,Pemerintah Kota Surakarta | Inspektorat | Inspektorat Pembantu IV,1,1,2785700,3572800,3
5109100,S-1 TEKNIK SIPIL,7637d18f-863c-44b8-a44f-b8bdbd261edb,Pemerintah Kota Surakarta,CPNS,UMUM,PENGAWAS PENYELENGGARAAN URUSAN PEMERINTAHAN DAERAH AHLI PERTAMA,Pemerintah Kota Surakarta | Inspektorat | Inspektorat Pembantu Khusus,2,1,2785700,3572800,16
5109100,S-1 TEKNIK SIPIL,9a36294b-702b-43aa-bce9-d57cf0dad0e1,Pemerintah Kota Surakarta,CPNS,UMUM,PENGAWAS PENYELENGGARAAN URUSAN PEMERINTAHAN DAERAH AHLI PERTAMA,Pemerintah Kota Surakarta | Inspektorat | Inspektorat Pembantu II,1,1,2785700,3572800,8
5109100,S-1 TEKNIK SIPIL,b3e72d5d-0188-4cd2-ba5a-b479cc926744,Pemerintah Kota Surakarta,CPNS,UMUM,PENGAWAS PENYELENGGARAAN URUSAN PEMERINTAHAN DAERAH AHLI PERTAMA,Pemerintah Kota Surakarta | Inspektorat | Inspektorat Pembantu III,1,1,2785700,3572800,10
5109100,S-1 TEKNIK SIPIL,fe93b400-8704-4cd7-9e05-4582dd4585c8,Pemerintah Kota Surakarta,CPNS,UMUM,PENGAWAS PENYELENGGARAAN URUSAN PEMERINTAHAN DAERAH AHLI PERTAMA,Pemerintah Kota Surakarta | Inspektorat | Inspektorat Pembantu I,1,1,2785700,3572800,7
5109100,S-1 TEKNIK SIPIL,0419df7d-5c80-49a4-a114-b5dd5e37030c,Pemerintah Kota Surakarta,CPNS,UMUM,PENGELOLA PENGADAAN BARANG/JASA AHLI PERTAMA,Pemerintah Kota Surakarta | Sekretariat Daerah | Asisten Perekonomian dan Pembangunan | Bagian Pengadaan Barang dan Jasa,5,1,2785700,3572800,288
5109100,S-1 TEKNIK SIPIL,2d2e95d8-6e56-4eac-a580-47b2a643b518,Pemerintah Kota Surakarta,CPNS,UMUM,PENGELOLA SUMBER DAYA AIR AHLI PERTAMA,Pemerintah Kota Surakarta | Dinas Pekerjaan Umum dan Penataan Ruang | Bidang Sumber Daya Air,3,1,2785700,3572800,82
5190068,S-1 TEKNOLOGI INFORMASI,468e0277-f0c5-4950-bd53-a434ee517e7c,Pemerintah Kota Surakarta,CPNS,UMUM,PENATA KELOLA SISTEM DAN TEKNOLOGI INFORMASI,"Pemerintah Kota Surakarta | Badan Perencanaan Pembangunan Daerah | Bidang Perencanaan, Pengendalian dan Evaluasi Pembangunan Daerah",1,1,2785700,3572800,36
5190068,S-1 TEKNOLOGI INFORMASI,699e5373-c472-4eba-bfd9-55d0888f6fa0,Pemerintah Kota Surakarta,CPNS,UMUM,PENATA KELOLA SISTEM DAN TEKNOLOGI INFORMASI,"Pemerintah Kota Surakarta | Badan Kesatuan Bangsa dan Politik | Sekretariat Badan Kesatuan Bangsa dan Politik | Subbagian Administrasi, Kepegawaian dan Organisasi",1,1,2785700,3572800,45
5190068,S-1 TEKNOLOGI INFORMASI,8dd0e97a-3f47-4c25-8f4e-347e8e187c69,Pemerintah Kota Surakarta,CPNS,UMUM,PENATA KELOLA SISTEM DAN TEKNOLOGI INFORMASI,"Pemerintah Kota Surakarta | Dinas Komunikasi, Informatika, Statistik dan Persandian | Bidang Teknologi dan Informatika",1,1,2785700,3572800,49
5190068,S-1 TEKNOLOGI INFORMASI,af5d5ab6-86f6-4585-9540-b9bae3a4517a,Pemerintah Kota Surakarta,CPNS,UMUM,PENATA KELOLA SISTEM DAN TEKNOLOGI INFORMASI,Pemerintah Kota Surakarta | Badan Kesatuan Bangsa dan Politik | Bidang Kesatuan Bangsa,1,1,2785700,3572800,24
5190068,S-1 TEKNOLOGI INFORMASI,ca203a46-b8a6-4dfd-8402-95b55ded51ad,Pemerintah Kota Surakarta,CPNS,UMUM,PENATA KELOLA SISTEM DAN TEKNOLOGI INFORMASI,Pemerintah Kota Surakarta | Badan Pendapatan Daerah | Bidang Pendataan | Subbidang Pengembangan Potensi Pendapatan,1,1,2785700,3572800,27
5190068,S-1 TEKNOLOGI INFORMASI,ee8819a1-8d8d-4624-862b-c63703ed2803,Pemerintah Kota Surakarta,CPNS,UMUM,PENATA KELOLA SISTEM DAN TEKNOLOGI INFORMASI,Pemerintah Kota Surakarta | Badan Pendapatan Daerah | Bidang Penetapan | Subbidang Dokumentasi Pelaporan,1,1,2785700,3572800,31
5190068,S-1 TEKNOLOGI INFORMASI,0595f6a6-d441-41b6-bb35-9d8406d92ebb,Pemerintah Kota Surakarta,CPNS,UMUM,PRANATA KOMPUTER AHLI PERTAMA,Pemerintah Kota Surakarta | Dinas Perhubungan | Sekretariat Dinas Perhubungan,2,1,2785700,3572800,76
5190068,S-1 TEKNOLOGI INFORMASI,096b4581-2716-4c0f-9c60-dddba0b4262f,Pemerintah Kota Surakarta,CPNS,UMUM,PRANATA KOMPUTER AHLI PERTAMA,"Pemerintah Kota Surakarta | Badan Kepegawaian dan Pengembangan Sumber Daya Manusia | Bidang Pengadaan, Pemberhentian, dan Informasi Kepegawaian",1,1,2785700,3572800,13
5190068,S-1 TEKNOLOGI INFORMASI,4d415505-5212-469d-8eb5-6959f3d3aa99,Pemerintah Kota Surakarta,CPNS,UMUM,PRANATA KOMPUTER AHLI PERTAMA,Pemerintah Kota Surakarta | Dinas Kependudukan dan Pencatatan Sipil | Bidang Pengelolaan Informasi Administrasi Kependudukan dan Pemanfaatan Data,1,1,2785700,3572800,29
5190068,S-1 TEKNOLOGI INFORMASI,ad277a3e-4c07-44f2-9feb-2cab658a81bb,Pemerintah Kota Surakarta,CPNS,UMUM,PRANATA KOMPUTER AHLI PERTAMA,Pemerintah Kota Surakarta | Sekretariat Daerah | Asisten Perekonomian dan Pembangunan | Bagian Administrasi Pembangunan,1,1,2785700,3572800,56
5190068,S-1 TEKNOLOGI INFORMASI,b8095a63-aa85-4ddd-aa9b-d98b77de8e9c,Pemerintah Kota Surakarta,CPNS,UMUM,PRANATA KOMPUTER AHLI PERTAMA,"Pemerintah Kota Surakarta | Dinas Komunikasi, Informatika, Statistik dan Persandian | Bidang Penyelenggaraan E-Government",1,1,2785700,3572800,9
5190089,S-1 TEKNOLOGI PANGAN,e0e2cc49-0ffb-44d3-b527-b0d232dd7ac9,Pemerintah Kota Surakarta,CPNS,UMUM,ANALIS KETAHANAN PANGAN AHLI PERTAMA,Pemerintah Kota Surakarta | Dinas Ketahanan Pangan dan Pertanian | Bidang Ketahanan Pangan,2,1,2785700,3572800,197
